164974284	rocksdb/job_8bfed9da58face14a8e4d0c4ba1b114f_op_KeyedProcessOperator_987497bfc681cca54be4ca4b6cce3386__10_16__uuid_307bed16-a19a-43bb-a087-adb508b32133/db/000014.sst
164979588	rocksdb/job_8bfed9da58face14a8e4d0c4ba1b114f_op_KeyedProcessOperator_987497bfc681cca54be4ca4b6cce3386__11_16__uuid_aa9a8700-2616-45cc-914e-d4f9ebd4cc70/db/000014.sst
164976382	rocksdb/job_8bfed9da58face14a8e4d0c4ba1b114f_op_KeyedProcessOperator_987497bfc681cca54be4ca4b6cce3386__12_16__uuid_24072c24-4211-483c-aa2f-c71e7e80fcca/db/000014.sst
164977362	rocksdb/job_8bfed9da58face14a8e4d0c4ba1b114f_op_KeyedProcessOperator_987497bfc681cca54be4ca4b6cce3386__13_16__uuid_482790b6-83f7-4b4f-b1fd-2fa2e93e8ee5/db/000014.sst
164976389	rocksdb/job_8bfed9da58face14a8e4d0c4ba1b114f_op_KeyedProcessOperator_987497bfc681cca54be4ca4b6cce3386__14_16__uuid_8a6e092e-c2d8-4f23-917b-2d2ee8b8e596/db/000014.sst
164970099	rocksdb/job_8bfed9da58face14a8e4d0c4ba1b114f_op_KeyedProcessOperator_987497bfc681cca54be4ca4b6cce3386__15_16__uuid_657a253f-31ef-419e-b013-96698a4ef566/db/000014.sst
164976354	rocksdb/job_8bfed9da58face14a8e4d0c4ba1b114f_op_KeyedProcessOperator_987497bfc681cca54be4ca4b6cce3386__16_16__uuid_b9314808-177c-4a96-af5b-ffba18cd3420/db/000014.sst
164972593	rocksdb/job_8bfed9da58face14a8e4d0c4ba1b114f_op_KeyedProcessOperator_987497bfc681cca54be4ca4b6cce3386__1_16__uuid_ab79ec8b-b528-49b6-a517-b96083dd42b8/db/000014.sst
164976756	rocksdb/job_8bfed9da58face14a8e4d0c4ba1b114f_op_KeyedProcessOperator_987497bfc681cca54be4ca4b6cce3386__2_16__uuid_47b3dcd6-4334-4238-9f9c-ff445e8a2076/db/000014.sst
164970142	rocksdb/job_8bfed9da58face14a8e4d0c4ba1b114f_op_KeyedProcessOperator_987497bfc681cca54be4ca4b6cce3386__3_16__uuid_f3dfd5af-5a1b-4b1b-8c59-0cd317494882/db/000014.sst
164974607	rocksdb/job_8bfed9da58face14a8e4d0c4ba1b114f_op_KeyedProcessOperator_987497bfc681cca54be4ca4b6cce3386__4_16__uuid_f68b805b-996b-4822-b73f-6c1372736314/db/000014.sst
164976098	rocksdb/job_8bfed9da58face14a8e4d0c4ba1b114f_op_KeyedProcessOperator_987497bfc681cca54be4ca4b6cce3386__5_16__uuid_db4db13f-39d9-4523-b70e-b46f7cb53b7f/db/000014.sst
164969510	rocksdb/job_8bfed9da58face14a8e4d0c4ba1b114f_op_KeyedProcessOperator_987497bfc681cca54be4ca4b6cce3386__6_16__uuid_274a5b28-9494-4317-9b87-bf50de958162/db/000014.sst
164971112	rocksdb/job_8bfed9da58face14a8e4d0c4ba1b114f_op_KeyedProcessOperator_987497bfc681cca54be4ca4b6cce3386__7_16__uuid_2be05899-685c-47e8-a1fe-ff45b0f5722b/db/000014.sst
164976857	rocksdb/job_8bfed9da58face14a8e4d0c4ba1b114f_op_KeyedProcessOperator_987497bfc681cca54be4ca4b6cce3386__8_16__uuid_55f33364-0359-4f7f-bb7a-727f644d7e3c/db/000014.sst
164976419	rocksdb/job_8bfed9da58face14a8e4d0c4ba1b114f_op_KeyedProcessOperator_987497bfc681cca54be4ca4b6cce3386__9_16__uuid_008bd1d3-0b91-4728-a80c-eb2ceb7d3dc7/db/000014.sst
162963353	rocksdb/job_8bfed9da58face14a8e4d0c4ba1b114f_op_StreamingJoinOperator_29c6de9b0f6c5486908e9bb66a93ee45__10_16__uuid_8b879627-dfb0-4d66-b41b-87f9237edeaa/db/000021.sst
273502495	rocksdb/job_8bfed9da58face14a8e4d0c4ba1b114f_op_StreamingJoinOperator_29c6de9b0f6c5486908e9bb66a93ee45__10_16__uuid_8b879627-dfb0-4d66-b41b-87f9237edeaa/db/000024.sst
273490455	rocksdb/job_8bfed9da58face14a8e4d0c4ba1b114f_op_StreamingJoinOperator_29c6de9b0f6c5486908e9bb66a93ee45__10_16__uuid_8b879627-dfb0-4d66-b41b-87f9237edeaa/db/000025.sst
273501743	rocksdb/job_8bfed9da58face14a8e4d0c4ba1b114f_op_StreamingJoinOperator_29c6de9b0f6c5486908e9bb66a93ee45__10_16__uuid_8b879627-dfb0-4d66-b41b-87f9237edeaa/db/000026.sst
273505278	rocksdb/job_8bfed9da58face14a8e4d0c4ba1b114f_op_StreamingJoinOperator_29c6de9b0f6c5486908e9bb66a93ee45__10_16__uuid_8b879627-dfb0-4d66-b41b-87f9237edeaa/db/000027.sst
17044502	rocksdb/job_8bfed9da58face14a8e4d0c4ba1b114f_op_StreamingJoinOperator_29c6de9b0f6c5486908e9bb66a93ee45__10_16__uuid_8b879627-dfb0-4d66-b41b-87f9237edeaa/db/000028.sst
138872983	rocksdb/job_8bfed9da58face14a8e4d0c4ba1b114f_op_StreamingJoinOperator_29c6de9b0f6c5486908e9bb66a93ee45__10_16__uuid_8b879627-dfb0-4d66-b41b-87f9237edeaa/db/000029.sst
273505392	rocksdb/job_8bfed9da58face14a8e4d0c4ba1b114f_op_StreamingJoinOperator_29c6de9b0f6c5486908e9bb66a93ee45__11_16__uuid_49f008fb-8de1-45c1-9467-c6edadefd9bc/db/000016.sst
273487023	rocksdb/job_8bfed9da58face14a8e4d0c4ba1b114f_op_StreamingJoinOperator_29c6de9b0f6c5486908e9bb66a93ee45__11_16__uuid_49f008fb-8de1-45c1-9467-c6edadefd9bc/db/000017.sst
8629136	rocksdb/job_8bfed9da58face14a8e4d0c4ba1b114f_op_StreamingJoinOperator_29c6de9b0f6c5486908e9bb66a93ee45__11_16__uuid_49f008fb-8de1-45c1-9467-c6edadefd9bc/db/000018.sst
139181563	rocksdb/job_8bfed9da58face14a8e4d0c4ba1b114f_op_StreamingJoinOperator_29c6de9b0f6c5486908e9bb66a93ee45__11_16__uuid_49f008fb-8de1-45c1-9467-c6edadefd9bc/db/000019.sst
139156689	rocksdb/job_8bfed9da58face14a8e4d0c4ba1b114f_op_StreamingJoinOperator_29c6de9b0f6c5486908e9bb66a93ee45__11_16__uuid_49f008fb-8de1-45c1-9467-c6edadefd9bc/db/000020.sst
162959111	rocksdb/job_8bfed9da58face14a8e4d0c4ba1b114f_op_StreamingJoinOperator_29c6de9b0f6c5486908e9bb66a93ee45__11_16__uuid_49f008fb-8de1-45c1-9467-c6edadefd9bc/db/000021.sst
138882942	rocksdb/job_8bfed9da58face14a8e4d0c4ba1b114f_op_StreamingJoinOperator_29c6de9b0f6c5486908e9bb66a93ee45__11_16__uuid_49f008fb-8de1-45c1-9467-c6edadefd9bc/db/000022.sst
138707661	rocksdb/job_8bfed9da58face14a8e4d0c4ba1b114f_op_StreamingJoinOperator_29c6de9b0f6c5486908e9bb66a93ee45__11_16__uuid_49f008fb-8de1-45c1-9467-c6edadefd9bc/db/000023.sst
273494579	rocksdb/job_8bfed9da58face14a8e4d0c4ba1b114f_op_StreamingJoinOperator_29c6de9b0f6c5486908e9bb66a93ee45__11_16__uuid_49f008fb-8de1-45c1-9467-c6edadefd9bc/db/000024.sst
273495773	rocksdb/job_8bfed9da58face14a8e4d0c4ba1b114f_op_StreamingJoinOperator_29c6de9b0f6c5486908e9bb66a93ee45__11_16__uuid_49f008fb-8de1-45c1-9467-c6edadefd9bc/db/000025.sst
273501669	rocksdb/job_8bfed9da58face14a8e4d0c4ba1b114f_op_StreamingJoinOperator_29c6de9b0f6c5486908e9bb66a93ee45__11_16__uuid_49f008fb-8de1-45c1-9467-c6edadefd9bc/db/000026.sst
273480434	rocksdb/job_8bfed9da58face14a8e4d0c4ba1b114f_op_StreamingJoinOperator_29c6de9b0f6c5486908e9bb66a93ee45__11_16__uuid_49f008fb-8de1-45c1-9467-c6edadefd9bc/db/000027.sst
138912279	rocksdb/job_8bfed9da58face14a8e4d0c4ba1b114f_op_StreamingJoinOperator_29c6de9b0f6c5486908e9bb66a93ee45__11_16__uuid_49f008fb-8de1-45c1-9467-c6edadefd9bc/db/000028.sst
273497044	rocksdb/job_8bfed9da58face14a8e4d0c4ba1b114f_op_StreamingJoinOperator_29c6de9b0f6c5486908e9bb66a93ee45__12_16__uuid_ec105bd1-81be-4e34-ab4f-1ad998c52b19/db/000016.sst
273508163	rocksdb/job_8bfed9da58face14a8e4d0c4ba1b114f_op_StreamingJoinOperator_29c6de9b0f6c5486908e9bb66a93ee45__12_16__uuid_ec105bd1-81be-4e34-ab4f-1ad998c52b19/db/000017.sst
8444079	rocksdb/job_8bfed9da58face14a8e4d0c4ba1b114f_op_StreamingJoinOperator_29c6de9b0f6c5486908e9bb66a93ee45__12_16__uuid_ec105bd1-81be-4e34-ab4f-1ad998c52b19/db/000018.sst
138915165	rocksdb/job_8bfed9da58face14a8e4d0c4ba1b114f_op_StreamingJoinOperator_29c6de9b0f6c5486908e9bb66a93ee45__12_16__uuid_ec105bd1-81be-4e34-ab4f-1ad998c52b19/db/000019.sst
138892056	rocksdb/job_8bfed9da58face14a8e4d0c4ba1b114f_op_StreamingJoinOperator_29c6de9b0f6c5486908e9bb66a93ee45__12_16__uuid_ec105bd1-81be-4e34-ab4f-1ad998c52b19/db/000020.sst
162955944	rocksdb/job_8bfed9da58face14a8e4d0c4ba1b114f_op_StreamingJoinOperator_29c6de9b0f6c5486908e9bb66a93ee45__12_16__uuid_ec105bd1-81be-4e34-ab4f-1ad998c52b19/db/000021.sst
138825886	rocksdb/job_8bfed9da58face14a8e4d0c4ba1b114f_op_StreamingJoinOperator_29c6de9b0f6c5486908e9bb66a93ee45__12_16__uuid_ec105bd1-81be-4e34-ab4f-1ad998c52b19/db/000022.sst
139163643	rocksdb/job_8bfed9da58face14a8e4d0c4ba1b114f_op_StreamingJoinOperator_29c6de9b0f6c5486908e9bb66a93ee45__12_16__uuid_ec105bd1-81be-4e34-ab4f-1ad998c52b19/db/000023.sst
273493395	rocksdb/job_8bfed9da58face14a8e4d0c4ba1b114f_op_StreamingJoinOperator_29c6de9b0f6c5486908e9bb66a93ee45__12_16__uuid_ec105bd1-81be-4e34-ab4f-1ad998c52b19/db/000024.sst
273490236	rocksdb/job_8bfed9da58face14a8e4d0c4ba1b114f_op_StreamingJoinOperator_29c6de9b0f6c5486908e9bb66a93ee45__12_16__uuid_ec105bd1-81be-4e34-ab4f-1ad998c52b19/db/000025.sst
273503866	rocksdb/job_8bfed9da58face14a8e4d0c4ba1b114f_op_StreamingJoinOperator_29c6de9b0f6c5486908e9bb66a93ee45__12_16__uuid_ec105bd1-81be-4e34-ab4f-1ad998c52b19/db/000026.sst
273499949	rocksdb/job_8bfed9da58face14a8e4d0c4ba1b114f_op_StreamingJoinOperator_29c6de9b0f6c5486908e9bb66a93ee45__12_16__uuid_ec105bd1-81be-4e34-ab4f-1ad998c52b19/db/000027.sst
138972025	rocksdb/job_8bfed9da58face14a8e4d0c4ba1b114f_op_StreamingJoinOperator_29c6de9b0f6c5486908e9bb66a93ee45__12_16__uuid_ec105bd1-81be-4e34-ab4f-1ad998c52b19/db/000028.sst
17180723	rocksdb/job_8bfed9da58face14a8e4d0c4ba1b114f_op_StreamingJoinOperator_29c6de9b0f6c5486908e9bb66a93ee45__12_16__uuid_ec105bd1-81be-4e34-ab4f-1ad998c52b19/db/000029.sst
273479839	rocksdb/job_8bfed9da58face14a8e4d0c4ba1b114f_op_StreamingJoinOperator_29c6de9b0f6c5486908e9bb66a93ee45__13_16__uuid_6495b965-93e1-42a3-86a9-326c5d352177/db/000016.sst
273500355	rocksdb/job_8bfed9da58face14a8e4d0c4ba1b114f_op_StreamingJoinOperator_29c6de9b0f6c5486908e9bb66a93ee45__13_16__uuid_6495b965-93e1-42a3-86a9-326c5d352177/db/000017.sst
8735687	rocksdb/job_8bfed9da58face14a8e4d0c4ba1b114f_op_StreamingJoinOperator_29c6de9b0f6c5486908e9bb66a93ee45__13_16__uuid_6495b965-93e1-42a3-86a9-326c5d352177/db/000018.sst
138737837	rocksdb/job_8bfed9da58face14a8e4d0c4ba1b114f_op_StreamingJoinOperator_29c6de9b0f6c5486908e9bb66a93ee45__13_16__uuid_6495b965-93e1-42a3-86a9-326c5d352177/db/000019.sst
138806365	rocksdb/job_8bfed9da58face14a8e4d0c4ba1b114f_op_StreamingJoinOperator_29c6de9b0f6c5486908e9bb66a93ee45__13_16__uuid_6495b965-93e1-42a3-86a9-326c5d352177/db/000020.sst
162955624	rocksdb/job_8bfed9da58face14a8e4d0c4ba1b114f_op_StreamingJoinOperator_29c6de9b0f6c5486908e9bb66a93ee45__13_16__uuid_6495b965-93e1-42a3-86a9-326c5d352177/db/000021.sst
138839228	rocksdb/job_8bfed9da58face14a8e4d0c4ba1b114f_op_StreamingJoinOperator_29c6de9b0f6c5486908e9bb66a93ee45__13_16__uuid_6495b965-93e1-42a3-86a9-326c5d352177/db/000022.sst
138836177	rocksdb/job_8bfed9da58face14a8e4d0c4ba1b114f_op_StreamingJoinOperator_29c6de9b0f6c5486908e9bb66a93ee45__13_16__uuid_6495b965-93e1-42a3-86a9-326c5d352177/db/000023.sst
273503211	rocksdb/job_8bfed9da58face14a8e4d0c4ba1b114f_op_StreamingJoinOperator_29c6de9b0f6c5486908e9bb66a93ee45__13_16__uuid_6495b965-93e1-42a3-86a9-326c5d352177/db/000024.sst
273495649	rocksdb/job_8bfed9da58face14a8e4d0c4ba1b114f_op_StreamingJoinOperator_29c6de9b0f6c5486908e9bb66a93ee45__13_16__uuid_6495b965-93e1-42a3-86a9-326c5d352177/db/000025.sst
273505302	rocksdb/job_8bfed9da58face14a8e4d0c4ba1b114f_op_StreamingJoinOperator_29c6de9b0f6c5486908e9bb66a93ee45__13_16__uuid_6495b965-93e1-42a3-86a9-326c5d352177/db/000026.sst
273506827	rocksdb/job_8bfed9da58face14a8e4d0c4ba1b114f_op_StreamingJoinOperator_29c6de9b0f6c5486908e9bb66a93ee45__13_16__uuid_6495b965-93e1-42a3-86a9-326c5d352177/db/000027.sst
16848712	rocksdb/job_8bfed9da58face14a8e4d0c4ba1b114f_op_StreamingJoinOperator_29c6de9b0f6c5486908e9bb66a93ee45__13_16__uuid_6495b965-93e1-42a3-86a9-326c5d352177/db/000028.sst
138964769	rocksdb/job_8bfed9da58face14a8e4d0c4ba1b114f_op_StreamingJoinOperator_29c6de9b0f6c5486908e9bb66a93ee45__13_16__uuid_6495b965-93e1-42a3-86a9-326c5d352177/db/000029.sst
273479705	rocksdb/job_8bfed9da58face14a8e4d0c4ba1b114f_op_StreamingJoinOperator_29c6de9b0f6c5486908e9bb66a93ee45__14_16__uuid_26389b50-8ec1-4cb0-aaea-cec81d7c9a72/db/000016.sst
273498691	rocksdb/job_8bfed9da58face14a8e4d0c4ba1b114f_op_StreamingJoinOperator_29c6de9b0f6c5486908e9bb66a93ee45__14_16__uuid_26389b50-8ec1-4cb0-aaea-cec81d7c9a72/db/000017.sst
8905140	rocksdb/job_8bfed9da58face14a8e4d0c4ba1b114f_op_StreamingJoinOperator_29c6de9b0f6c5486908e9bb66a93ee45__14_16__uuid_26389b50-8ec1-4cb0-aaea-cec81d7c9a72/db/000018.sst
139067584	rocksdb/job_8bfed9da58face14a8e4d0c4ba1b114f_op_StreamingJoinOperator_29c6de9b0f6c5486908e9bb66a93ee45__14_16__uuid_26389b50-8ec1-4cb0-aaea-cec81d7c9a72/db/000019.sst
138913866	rocksdb/job_8bfed9da58face14a8e4d0c4ba1b114f_op_StreamingJoinOperator_29c6de9b0f6c5486908e9bb66a93ee45__14_16__uuid_26389b50-8ec1-4cb0-aaea-cec81d7c9a72/db/000020.sst
162955853	rocksdb/job_8bfed9da58face14a8e4d0c4ba1b114f_op_StreamingJoinOperator_29c6de9b0f6c5486908e9bb66a93ee45__14_16__uuid_26389b50-8ec1-4cb0-aaea-cec81d7c9a72/db/000021.sst
138788075	rocksdb/job_8bfed9da58face14a8e4d0c4ba1b114f_op_StreamingJoinOperator_29c6de9b0f6c5486908e9bb66a93ee45__14_16__uuid_26389b50-8ec1-4cb0-aaea-cec81d7c9a72/db/000022.sst
138666509	rocksdb/job_8bfed9da58face14a8e4d0c4ba1b114f_op_StreamingJoinOperator_29c6de9b0f6c5486908e9bb66a93ee45__14_16__uuid_26389b50-8ec1-4cb0-aaea-cec81d7c9a72/db/000023.sst
273497636	rocksdb/job_8bfed9da58face14a8e4d0c4ba1b114f_op_StreamingJoinOperator_29c6de9b0f6c5486908e9bb66a93ee45__14_16__uuid_26389b50-8ec1-4cb0-aaea-cec81d7c9a72/db/000024.sst
273489795	rocksdb/job_8bfed9da58face14a8e4d0c4ba1b114f_op_StreamingJoinOperator_29c6de9b0f6c5486908e9bb66a93ee45__14_16__uuid_26389b50-8ec1-4cb0-aaea-cec81d7c9a72/db/000025.sst
273497471	rocksdb/job_8bfed9da58face14a8e4d0c4ba1b114f_op_StreamingJoinOperator_29c6de9b0f6c5486908e9bb66a93ee45__14_16__uuid_26389b50-8ec1-4cb0-aaea-cec81d7c9a72/db/000026.sst
273504002	rocksdb/job_8bfed9da58face14a8e4d0c4ba1b114f_op_StreamingJoinOperator_29c6de9b0f6c5486908e9bb66a93ee45__14_16__uuid_26389b50-8ec1-4cb0-aaea-cec81d7c9a72/db/000027.sst
17243145	rocksdb/job_8bfed9da58face14a8e4d0c4ba1b114f_op_StreamingJoinOperator_29c6de9b0f6c5486908e9bb66a93ee45__14_16__uuid_26389b50-8ec1-4cb0-aaea-cec81d7c9a72/db/000028.sst
162958737	rocksdb/job_8bfed9da58face14a8e4d0c4ba1b114f_op_StreamingJoinOperator_29c6de9b0f6c5486908e9bb66a93ee45__15_16__uuid_5f5450b0-f5f6-4e78-9aae-80be9d973662/db/000021.sst
273509086	rocksdb/job_8bfed9da58face14a8e4d0c4ba1b114f_op_StreamingJoinOperator_29c6de9b0f6c5486908e9bb66a93ee45__15_16__uuid_5f5450b0-f5f6-4e78-9aae-80be9d973662/db/000024.sst
273491177	rocksdb/job_8bfed9da58face14a8e4d0c4ba1b114f_op_StreamingJoinOperator_29c6de9b0f6c5486908e9bb66a93ee45__15_16__uuid_5f5450b0-f5f6-4e78-9aae-80be9d973662/db/000025.sst
273504282	rocksdb/job_8bfed9da58face14a8e4d0c4ba1b114f_op_StreamingJoinOperator_29c6de9b0f6c5486908e9bb66a93ee45__15_16__uuid_5f5450b0-f5f6-4e78-9aae-80be9d973662/db/000026.sst
273499295	rocksdb/job_8bfed9da58face14a8e4d0c4ba1b114f_op_StreamingJoinOperator_29c6de9b0f6c5486908e9bb66a93ee45__15_16__uuid_5f5450b0-f5f6-4e78-9aae-80be9d973662/db/000027.sst
16820942	rocksdb/job_8bfed9da58face14a8e4d0c4ba1b114f_op_StreamingJoinOperator_29c6de9b0f6c5486908e9bb66a93ee45__15_16__uuid_5f5450b0-f5f6-4e78-9aae-80be9d973662/db/000028.sst
138930784	rocksdb/job_8bfed9da58face14a8e4d0c4ba1b114f_op_StreamingJoinOperator_29c6de9b0f6c5486908e9bb66a93ee45__15_16__uuid_5f5450b0-f5f6-4e78-9aae-80be9d973662/db/000029.sst
273507730	rocksdb/job_8bfed9da58face14a8e4d0c4ba1b114f_op_StreamingJoinOperator_29c6de9b0f6c5486908e9bb66a93ee45__16_16__uuid_bfe261fb-628c-4983-bfce-24d1166cb925/db/000016.sst
273493746	rocksdb/job_8bfed9da58face14a8e4d0c4ba1b114f_op_StreamingJoinOperator_29c6de9b0f6c5486908e9bb66a93ee45__16_16__uuid_bfe261fb-628c-4983-bfce-24d1166cb925/db/000017.sst
8510227	rocksdb/job_8bfed9da58face14a8e4d0c4ba1b114f_op_StreamingJoinOperator_29c6de9b0f6c5486908e9bb66a93ee45__16_16__uuid_bfe261fb-628c-4983-bfce-24d1166cb925/db/000018.sst
138948618	rocksdb/job_8bfed9da58face14a8e4d0c4ba1b114f_op_StreamingJoinOperator_29c6de9b0f6c5486908e9bb66a93ee45__16_16__uuid_bfe261fb-628c-4983-bfce-24d1166cb925/db/000019.sst
138823721	rocksdb/job_8bfed9da58face14a8e4d0c4ba1b114f_op_StreamingJoinOperator_29c6de9b0f6c5486908e9bb66a93ee45__16_16__uuid_bfe261fb-628c-4983-bfce-24d1166cb925/db/000020.sst
162965378	rocksdb/job_8bfed9da58face14a8e4d0c4ba1b114f_op_StreamingJoinOperator_29c6de9b0f6c5486908e9bb66a93ee45__16_16__uuid_bfe261fb-628c-4983-bfce-24d1166cb925/db/000021.sst
273501467	rocksdb/job_8bfed9da58face14a8e4d0c4ba1b114f_op_StreamingJoinOperator_29c6de9b0f6c5486908e9bb66a93ee45__16_16__uuid_bfe261fb-628c-4983-bfce-24d1166cb925/db/000024.sst
273503836	rocksdb/job_8bfed9da58face14a8e4d0c4ba1b114f_op_StreamingJoinOperator_29c6de9b0f6c5486908e9bb66a93ee45__16_16__uuid_bfe261fb-628c-4983-bfce-24d1166cb925/db/000025.sst
273498445	rocksdb/job_8bfed9da58face14a8e4d0c4ba1b114f_op_StreamingJoinOperator_29c6de9b0f6c5486908e9bb66a93ee45__16_16__uuid_bfe261fb-628c-4983-bfce-24d1166cb925/db/000026.sst
273490267	rocksdb/job_8bfed9da58face14a8e4d0c4ba1b114f_op_StreamingJoinOperator_29c6de9b0f6c5486908e9bb66a93ee45__16_16__uuid_bfe261fb-628c-4983-bfce-24d1166cb925/db/000027.sst
138760538	rocksdb/job_8bfed9da58face14a8e4d0c4ba1b114f_op_StreamingJoinOperator_29c6de9b0f6c5486908e9bb66a93ee45__16_16__uuid_bfe261fb-628c-4983-bfce-24d1166cb925/db/000028.sst
17007568	rocksdb/job_8bfed9da58face14a8e4d0c4ba1b114f_op_StreamingJoinOperator_29c6de9b0f6c5486908e9bb66a93ee45__16_16__uuid_bfe261fb-628c-4983-bfce-24d1166cb925/db/000029.sst
273498417	rocksdb/job_8bfed9da58face14a8e4d0c4ba1b114f_op_StreamingJoinOperator_29c6de9b0f6c5486908e9bb66a93ee45__1_16__uuid_2299cb41-33fd-4e41-8766-fc413ce94e4b/db/000016.sst
273491452	rocksdb/job_8bfed9da58face14a8e4d0c4ba1b114f_op_StreamingJoinOperator_29c6de9b0f6c5486908e9bb66a93ee45__1_16__uuid_2299cb41-33fd-4e41-8766-fc413ce94e4b/db/000017.sst
8739435	rocksdb/job_8bfed9da58face14a8e4d0c4ba1b114f_op_StreamingJoinOperator_29c6de9b0f6c5486908e9bb66a93ee45__1_16__uuid_2299cb41-33fd-4e41-8766-fc413ce94e4b/db/000018.sst
138931637	rocksdb/job_8bfed9da58face14a8e4d0c4ba1b114f_op_StreamingJoinOperator_29c6de9b0f6c5486908e9bb66a93ee45__1_16__uuid_2299cb41-33fd-4e41-8766-fc413ce94e4b/db/000019.sst
139035447	rocksdb/job_8bfed9da58face14a8e4d0c4ba1b114f_op_StreamingJoinOperator_29c6de9b0f6c5486908e9bb66a93ee45__1_16__uuid_2299cb41-33fd-4e41-8766-fc413ce94e4b/db/000020.sst
162950508	rocksdb/job_8bfed9da58face14a8e4d0c4ba1b114f_op_StreamingJoinOperator_29c6de9b0f6c5486908e9bb66a93ee45__1_16__uuid_2299cb41-33fd-4e41-8766-fc413ce94e4b/db/000021.sst
138796530	rocksdb/job_8bfed9da58face14a8e4d0c4ba1b114f_op_StreamingJoinOperator_29c6de9b0f6c5486908e9bb66a93ee45__1_16__uuid_2299cb41-33fd-4e41-8766-fc413ce94e4b/db/000022.sst
138908540	rocksdb/job_8bfed9da58face14a8e4d0c4ba1b114f_op_StreamingJoinOperator_29c6de9b0f6c5486908e9bb66a93ee45__1_16__uuid_2299cb41-33fd-4e41-8766-fc413ce94e4b/db/000023.sst
273492172	rocksdb/job_8bfed9da58face14a8e4d0c4ba1b114f_op_StreamingJoinOperator_29c6de9b0f6c5486908e9bb66a93ee45__1_16__uuid_2299cb41-33fd-4e41-8766-fc413ce94e4b/db/000024.sst
273493035	rocksdb/job_8bfed9da58face14a8e4d0c4ba1b114f_op_StreamingJoinOperator_29c6de9b0f6c5486908e9bb66a93ee45__1_16__uuid_2299cb41-33fd-4e41-8766-fc413ce94e4b/db/000025.sst
273501214	rocksdb/job_8bfed9da58face14a8e4d0c4ba1b114f_op_StreamingJoinOperator_29c6de9b0f6c5486908e9bb66a93ee45__1_16__uuid_2299cb41-33fd-4e41-8766-fc413ce94e4b/db/000026.sst
273495890	rocksdb/job_8bfed9da58face14a8e4d0c4ba1b114f_op_StreamingJoinOperator_29c6de9b0f6c5486908e9bb66a93ee45__1_16__uuid_2299cb41-33fd-4e41-8766-fc413ce94e4b/db/000027.sst
1167360	rocksdb/job_8bfed9da58face14a8e4d0c4ba1b114f_op_StreamingJoinOperator_29c6de9b0f6c5486908e9bb66a93ee45__1_16__uuid_2299cb41-33fd-4e41-8766-fc413ce94e4b/db/000028.sst
162954430	rocksdb/job_8bfed9da58face14a8e4d0c4ba1b114f_op_StreamingJoinOperator_29c6de9b0f6c5486908e9bb66a93ee45__2_16__uuid_c5b3f6e3-ce29-4a90-8c4a-e4ba593c4ddc/db/000021.sst
273524362	rocksdb/job_8bfed9da58face14a8e4d0c4ba1b114f_op_StreamingJoinOperator_29c6de9b0f6c5486908e9bb66a93ee45__2_16__uuid_c5b3f6e3-ce29-4a90-8c4a-e4ba593c4ddc/db/000024.sst
273497374	rocksdb/job_8bfed9da58face14a8e4d0c4ba1b114f_op_StreamingJoinOperator_29c6de9b0f6c5486908e9bb66a93ee45__2_16__uuid_c5b3f6e3-ce29-4a90-8c4a-e4ba593c4ddc/db/000025.sst
273495917	rocksdb/job_8bfed9da58face14a8e4d0c4ba1b114f_op_StreamingJoinOperator_29c6de9b0f6c5486908e9bb66a93ee45__2_16__uuid_c5b3f6e3-ce29-4a90-8c4a-e4ba593c4ddc/db/000026.sst
273516604	rocksdb/job_8bfed9da58face14a8e4d0c4ba1b114f_op_StreamingJoinOperator_29c6de9b0f6c5486908e9bb66a93ee45__2_16__uuid_c5b3f6e3-ce29-4a90-8c4a-e4ba593c4ddc/db/000027.sst
16693962	rocksdb/job_8bfed9da58face14a8e4d0c4ba1b114f_op_StreamingJoinOperator_29c6de9b0f6c5486908e9bb66a93ee45__2_16__uuid_c5b3f6e3-ce29-4a90-8c4a-e4ba593c4ddc/db/000028.sst
138923900	rocksdb/job_8bfed9da58face14a8e4d0c4ba1b114f_op_StreamingJoinOperator_29c6de9b0f6c5486908e9bb66a93ee45__2_16__uuid_c5b3f6e3-ce29-4a90-8c4a-e4ba593c4ddc/db/000029.sst
273515709	rocksdb/job_8bfed9da58face14a8e4d0c4ba1b114f_op_StreamingJoinOperator_29c6de9b0f6c5486908e9bb66a93ee45__3_16__uuid_22272e13-ebdf-4dba-856d-448e3c6d09f1/db/000016.sst
273493646	rocksdb/job_8bfed9da58face14a8e4d0c4ba1b114f_op_StreamingJoinOperator_29c6de9b0f6c5486908e9bb66a93ee45__3_16__uuid_22272e13-ebdf-4dba-856d-448e3c6d09f1/db/000017.sst
8425223	rocksdb/job_8bfed9da58face14a8e4d0c4ba1b114f_op_StreamingJoinOperator_29c6de9b0f6c5486908e9bb66a93ee45__3_16__uuid_22272e13-ebdf-4dba-856d-448e3c6d09f1/db/000018.sst
138834200	rocksdb/job_8bfed9da58face14a8e4d0c4ba1b114f_op_StreamingJoinOperator_29c6de9b0f6c5486908e9bb66a93ee45__3_16__uuid_22272e13-ebdf-4dba-856d-448e3c6d09f1/db/000019.sst
139033937	rocksdb/job_8bfed9da58face14a8e4d0c4ba1b114f_op_StreamingJoinOperator_29c6de9b0f6c5486908e9bb66a93ee45__3_16__uuid_22272e13-ebdf-4dba-856d-448e3c6d09f1/db/000020.sst
162951936	rocksdb/job_8bfed9da58face14a8e4d0c4ba1b114f_op_StreamingJoinOperator_29c6de9b0f6c5486908e9bb66a93ee45__3_16__uuid_22272e13-ebdf-4dba-856d-448e3c6d09f1/db/000021.sst
139150117	rocksdb/job_8bfed9da58face14a8e4d0c4ba1b114f_op_StreamingJoinOperator_29c6de9b0f6c5486908e9bb66a93ee45__3_16__uuid_22272e13-ebdf-4dba-856d-448e3c6d09f1/db/000022.sst
138929820	rocksdb/job_8bfed9da58face14a8e4d0c4ba1b114f_op_StreamingJoinOperator_29c6de9b0f6c5486908e9bb66a93ee45__3_16__uuid_22272e13-ebdf-4dba-856d-448e3c6d09f1/db/000023.sst
273510509	rocksdb/job_8bfed9da58face14a8e4d0c4ba1b114f_op_StreamingJoinOperator_29c6de9b0f6c5486908e9bb66a93ee45__3_16__uuid_22272e13-ebdf-4dba-856d-448e3c6d09f1/db/000024.sst
273495196	rocksdb/job_8bfed9da58face14a8e4d0c4ba1b114f_op_StreamingJoinOperator_29c6de9b0f6c5486908e9bb66a93ee45__3_16__uuid_22272e13-ebdf-4dba-856d-448e3c6d09f1/db/000025.sst
273497937	rocksdb/job_8bfed9da58face14a8e4d0c4ba1b114f_op_StreamingJoinOperator_29c6de9b0f6c5486908e9bb66a93ee45__3_16__uuid_22272e13-ebdf-4dba-856d-448e3c6d09f1/db/000026.sst
273485323	rocksdb/job_8bfed9da58face14a8e4d0c4ba1b114f_op_StreamingJoinOperator_29c6de9b0f6c5486908e9bb66a93ee45__3_16__uuid_22272e13-ebdf-4dba-856d-448e3c6d09f1/db/000027.sst
273494703	rocksdb/job_8bfed9da58face14a8e4d0c4ba1b114f_op_StreamingJoinOperator_29c6de9b0f6c5486908e9bb66a93ee45__4_16__uuid_83efbcb7-5447-4fb5-918e-a2e55c1aa9fa/db/000016.sst
273476779	rocksdb/job_8bfed9da58face14a8e4d0c4ba1b114f_op_StreamingJoinOperator_29c6de9b0f6c5486908e9bb66a93ee45__4_16__uuid_83efbcb7-5447-4fb5-918e-a2e55c1aa9fa/db/000017.sst
8943139	rocksdb/job_8bfed9da58face14a8e4d0c4ba1b114f_op_StreamingJoinOperator_29c6de9b0f6c5486908e9bb66a93ee45__4_16__uuid_83efbcb7-5447-4fb5-918e-a2e55c1aa9fa/db/000018.sst
139123496	rocksdb/job_8bfed9da58face14a8e4d0c4ba1b114f_op_StreamingJoinOperator_29c6de9b0f6c5486908e9bb66a93ee45__4_16__uuid_83efbcb7-5447-4fb5-918e-a2e55c1aa9fa/db/000019.sst
138922483	rocksdb/job_8bfed9da58face14a8e4d0c4ba1b114f_op_StreamingJoinOperator_29c6de9b0f6c5486908e9bb66a93ee45__4_16__uuid_83efbcb7-5447-4fb5-918e-a2e55c1aa9fa/db/000020.sst
162963272	rocksdb/job_8bfed9da58face14a8e4d0c4ba1b114f_op_StreamingJoinOperator_29c6de9b0f6c5486908e9bb66a93ee45__4_16__uuid_83efbcb7-5447-4fb5-918e-a2e55c1aa9fa/db/000021.sst
138985973	rocksdb/job_8bfed9da58face14a8e4d0c4ba1b114f_op_StreamingJoinOperator_29c6de9b0f6c5486908e9bb66a93ee45__4_16__uuid_83efbcb7-5447-4fb5-918e-a2e55c1aa9fa/db/000022.sst
138783756	rocksdb/job_8bfed9da58face14a8e4d0c4ba1b114f_op_StreamingJoinOperator_29c6de9b0f6c5486908e9bb66a93ee45__4_16__uuid_83efbcb7-5447-4fb5-918e-a2e55c1aa9fa/db/000023.sst
273474621	rocksdb/job_8bfed9da58face14a8e4d0c4ba1b114f_op_StreamingJoinOperator_29c6de9b0f6c5486908e9bb66a93ee45__4_16__uuid_83efbcb7-5447-4fb5-918e-a2e55c1aa9fa/db/000024.sst
273495395	rocksdb/job_8bfed9da58face14a8e4d0c4ba1b114f_op_StreamingJoinOperator_29c6de9b0f6c5486908e9bb66a93ee45__4_16__uuid_83efbcb7-5447-4fb5-918e-a2e55c1aa9fa/db/000025.sst
273501403	rocksdb/job_8bfed9da58face14a8e4d0c4ba1b114f_op_StreamingJoinOperator_29c6de9b0f6c5486908e9bb66a93ee45__4_16__uuid_83efbcb7-5447-4fb5-918e-a2e55c1aa9fa/db/000026.sst
273477957	rocksdb/job_8bfed9da58face14a8e4d0c4ba1b114f_op_StreamingJoinOperator_29c6de9b0f6c5486908e9bb66a93ee45__4_16__uuid_83efbcb7-5447-4fb5-918e-a2e55c1aa9fa/db/000027.sst
273507444	rocksdb/job_8bfed9da58face14a8e4d0c4ba1b114f_op_StreamingJoinOperator_29c6de9b0f6c5486908e9bb66a93ee45__5_16__uuid_e119dec5-a3d2-4866-a377-678532ce14c6/db/000016.sst
273483847	rocksdb/job_8bfed9da58face14a8e4d0c4ba1b114f_op_StreamingJoinOperator_29c6de9b0f6c5486908e9bb66a93ee45__5_16__uuid_e119dec5-a3d2-4866-a377-678532ce14c6/db/000017.sst
8701538	rocksdb/job_8bfed9da58face14a8e4d0c4ba1b114f_op_StreamingJoinOperator_29c6de9b0f6c5486908e9bb66a93ee45__5_16__uuid_e119dec5-a3d2-4866-a377-678532ce14c6/db/000018.sst
138872694	rocksdb/job_8bfed9da58face14a8e4d0c4ba1b114f_op_StreamingJoinOperator_29c6de9b0f6c5486908e9bb66a93ee45__5_16__uuid_e119dec5-a3d2-4866-a377-678532ce14c6/db/000019.sst
138844291	rocksdb/job_8bfed9da58face14a8e4d0c4ba1b114f_op_StreamingJoinOperator_29c6de9b0f6c5486908e9bb66a93ee45__5_16__uuid_e119dec5-a3d2-4866-a377-678532ce14c6/db/000020.sst
162963780	rocksdb/job_8bfed9da58face14a8e4d0c4ba1b114f_op_StreamingJoinOperator_29c6de9b0f6c5486908e9bb66a93ee45__5_16__uuid_e119dec5-a3d2-4866-a377-678532ce14c6/db/000021.sst
138833293	rocksdb/job_8bfed9da58face14a8e4d0c4ba1b114f_op_StreamingJoinOperator_29c6de9b0f6c5486908e9bb66a93ee45__5_16__uuid_e119dec5-a3d2-4866-a377-678532ce14c6/db/000022.sst
139081398	rocksdb/job_8bfed9da58face14a8e4d0c4ba1b114f_op_StreamingJoinOperator_29c6de9b0f6c5486908e9bb66a93ee45__5_16__uuid_e119dec5-a3d2-4866-a377-678532ce14c6/db/000023.sst
273498312	rocksdb/job_8bfed9da58face14a8e4d0c4ba1b114f_op_StreamingJoinOperator_29c6de9b0f6c5486908e9bb66a93ee45__5_16__uuid_e119dec5-a3d2-4866-a377-678532ce14c6/db/000024.sst
273523521	rocksdb/job_8bfed9da58face14a8e4d0c4ba1b114f_op_StreamingJoinOperator_29c6de9b0f6c5486908e9bb66a93ee45__5_16__uuid_e119dec5-a3d2-4866-a377-678532ce14c6/db/000025.sst
273482777	rocksdb/job_8bfed9da58face14a8e4d0c4ba1b114f_op_StreamingJoinOperator_29c6de9b0f6c5486908e9bb66a93ee45__5_16__uuid_e119dec5-a3d2-4866-a377-678532ce14c6/db/000026.sst
273487081	rocksdb/job_8bfed9da58face14a8e4d0c4ba1b114f_op_StreamingJoinOperator_29c6de9b0f6c5486908e9bb66a93ee45__5_16__uuid_e119dec5-a3d2-4866-a377-678532ce14c6/db/000027.sst
138937353	rocksdb/job_8bfed9da58face14a8e4d0c4ba1b114f_op_StreamingJoinOperator_29c6de9b0f6c5486908e9bb66a93ee45__5_16__uuid_e119dec5-a3d2-4866-a377-678532ce14c6/db/000028.sst
17280107	rocksdb/job_8bfed9da58face14a8e4d0c4ba1b114f_op_StreamingJoinOperator_29c6de9b0f6c5486908e9bb66a93ee45__5_16__uuid_e119dec5-a3d2-4866-a377-678532ce14c6/db/000029.sst
273507270	rocksdb/job_8bfed9da58face14a8e4d0c4ba1b114f_op_StreamingJoinOperator_29c6de9b0f6c5486908e9bb66a93ee45__6_16__uuid_cf3d85c5-3160-4ed4-bfe6-4c66ef2a8a00/db/000016.sst
273480241	rocksdb/job_8bfed9da58face14a8e4d0c4ba1b114f_op_StreamingJoinOperator_29c6de9b0f6c5486908e9bb66a93ee45__6_16__uuid_cf3d85c5-3160-4ed4-bfe6-4c66ef2a8a00/db/000017.sst
8799133	rocksdb/job_8bfed9da58face14a8e4d0c4ba1b114f_op_StreamingJoinOperator_29c6de9b0f6c5486908e9bb66a93ee45__6_16__uuid_cf3d85c5-3160-4ed4-bfe6-4c66ef2a8a00/db/000018.sst
138738380	rocksdb/job_8bfed9da58face14a8e4d0c4ba1b114f_op_StreamingJoinOperator_29c6de9b0f6c5486908e9bb66a93ee45__6_16__uuid_cf3d85c5-3160-4ed4-bfe6-4c66ef2a8a00/db/000019.sst
138835946	rocksdb/job_8bfed9da58face14a8e4d0c4ba1b114f_op_StreamingJoinOperator_29c6de9b0f6c5486908e9bb66a93ee45__6_16__uuid_cf3d85c5-3160-4ed4-bfe6-4c66ef2a8a00/db/000020.sst
162953493	rocksdb/job_8bfed9da58face14a8e4d0c4ba1b114f_op_StreamingJoinOperator_29c6de9b0f6c5486908e9bb66a93ee45__6_16__uuid_cf3d85c5-3160-4ed4-bfe6-4c66ef2a8a00/db/000021.sst
273490212	rocksdb/job_8bfed9da58face14a8e4d0c4ba1b114f_op_StreamingJoinOperator_29c6de9b0f6c5486908e9bb66a93ee45__6_16__uuid_cf3d85c5-3160-4ed4-bfe6-4c66ef2a8a00/db/000024.sst
273505381	rocksdb/job_8bfed9da58face14a8e4d0c4ba1b114f_op_StreamingJoinOperator_29c6de9b0f6c5486908e9bb66a93ee45__6_16__uuid_cf3d85c5-3160-4ed4-bfe6-4c66ef2a8a00/db/000025.sst
273475027	rocksdb/job_8bfed9da58face14a8e4d0c4ba1b114f_op_StreamingJoinOperator_29c6de9b0f6c5486908e9bb66a93ee45__6_16__uuid_cf3d85c5-3160-4ed4-bfe6-4c66ef2a8a00/db/000026.sst
273502915	rocksdb/job_8bfed9da58face14a8e4d0c4ba1b114f_op_StreamingJoinOperator_29c6de9b0f6c5486908e9bb66a93ee45__6_16__uuid_cf3d85c5-3160-4ed4-bfe6-4c66ef2a8a00/db/000027.sst
138691044	rocksdb/job_8bfed9da58face14a8e4d0c4ba1b114f_op_StreamingJoinOperator_29c6de9b0f6c5486908e9bb66a93ee45__6_16__uuid_cf3d85c5-3160-4ed4-bfe6-4c66ef2a8a00/db/000028.sst
17547560	rocksdb/job_8bfed9da58face14a8e4d0c4ba1b114f_op_StreamingJoinOperator_29c6de9b0f6c5486908e9bb66a93ee45__6_16__uuid_cf3d85c5-3160-4ed4-bfe6-4c66ef2a8a00/db/000029.sst
162958271	rocksdb/job_8bfed9da58face14a8e4d0c4ba1b114f_op_StreamingJoinOperator_29c6de9b0f6c5486908e9bb66a93ee45__7_16__uuid_278bd0e8-07a3-47fd-9a6b-2f8de6e88d09/db/000021.sst
273519953	rocksdb/job_8bfed9da58face14a8e4d0c4ba1b114f_op_StreamingJoinOperator_29c6de9b0f6c5486908e9bb66a93ee45__7_16__uuid_278bd0e8-07a3-47fd-9a6b-2f8de6e88d09/db/000024.sst
273490765	rocksdb/job_8bfed9da58face14a8e4d0c4ba1b114f_op_StreamingJoinOperator_29c6de9b0f6c5486908e9bb66a93ee45__7_16__uuid_278bd0e8-07a3-47fd-9a6b-2f8de6e88d09/db/000025.sst
273497304	rocksdb/job_8bfed9da58face14a8e4d0c4ba1b114f_op_StreamingJoinOperator_29c6de9b0f6c5486908e9bb66a93ee45__7_16__uuid_278bd0e8-07a3-47fd-9a6b-2f8de6e88d09/db/000026.sst
273499209	rocksdb/job_8bfed9da58face14a8e4d0c4ba1b114f_op_StreamingJoinOperator_29c6de9b0f6c5486908e9bb66a93ee45__7_16__uuid_278bd0e8-07a3-47fd-9a6b-2f8de6e88d09/db/000027.sst
16936632	rocksdb/job_8bfed9da58face14a8e4d0c4ba1b114f_op_StreamingJoinOperator_29c6de9b0f6c5486908e9bb66a93ee45__7_16__uuid_278bd0e8-07a3-47fd-9a6b-2f8de6e88d09/db/000028.sst
138831010	rocksdb/job_8bfed9da58face14a8e4d0c4ba1b114f_op_StreamingJoinOperator_29c6de9b0f6c5486908e9bb66a93ee45__7_16__uuid_278bd0e8-07a3-47fd-9a6b-2f8de6e88d09/db/000029.sst
162958079	rocksdb/job_8bfed9da58face14a8e4d0c4ba1b114f_op_StreamingJoinOperator_29c6de9b0f6c5486908e9bb66a93ee45__8_16__uuid_a450a66b-a0b6-4324-b1c9-420854a297e9/db/000021.sst
273509299	rocksdb/job_8bfed9da58face14a8e4d0c4ba1b114f_op_StreamingJoinOperator_29c6de9b0f6c5486908e9bb66a93ee45__8_16__uuid_a450a66b-a0b6-4324-b1c9-420854a297e9/db/000024.sst
273501324	rocksdb/job_8bfed9da58face14a8e4d0c4ba1b114f_op_StreamingJoinOperator_29c6de9b0f6c5486908e9bb66a93ee45__8_16__uuid_a450a66b-a0b6-4324-b1c9-420854a297e9/db/000025.sst
273506616	rocksdb/job_8bfed9da58face14a8e4d0c4ba1b114f_op_StreamingJoinOperator_29c6de9b0f6c5486908e9bb66a93ee45__8_16__uuid_a450a66b-a0b6-4324-b1c9-420854a297e9/db/000026.sst
273506940	rocksdb/job_8bfed9da58face14a8e4d0c4ba1b114f_op_StreamingJoinOperator_29c6de9b0f6c5486908e9bb66a93ee45__8_16__uuid_a450a66b-a0b6-4324-b1c9-420854a297e9/db/000027.sst
16734656	rocksdb/job_8bfed9da58face14a8e4d0c4ba1b114f_op_StreamingJoinOperator_29c6de9b0f6c5486908e9bb66a93ee45__8_16__uuid_a450a66b-a0b6-4324-b1c9-420854a297e9/db/000028.sst
139015669	rocksdb/job_8bfed9da58face14a8e4d0c4ba1b114f_op_StreamingJoinOperator_29c6de9b0f6c5486908e9bb66a93ee45__8_16__uuid_a450a66b-a0b6-4324-b1c9-420854a297e9/db/000029.sst
273515875	rocksdb/job_8bfed9da58face14a8e4d0c4ba1b114f_op_StreamingJoinOperator_29c6de9b0f6c5486908e9bb66a93ee45__9_16__uuid_126f3172-a47c-43a0-b5af-4a31643fa4c5/db/000016.sst
273471070	rocksdb/job_8bfed9da58face14a8e4d0c4ba1b114f_op_StreamingJoinOperator_29c6de9b0f6c5486908e9bb66a93ee45__9_16__uuid_126f3172-a47c-43a0-b5af-4a31643fa4c5/db/000017.sst
8718190	rocksdb/job_8bfed9da58face14a8e4d0c4ba1b114f_op_StreamingJoinOperator_29c6de9b0f6c5486908e9bb66a93ee45__9_16__uuid_126f3172-a47c-43a0-b5af-4a31643fa4c5/db/000018.sst
138759991	rocksdb/job_8bfed9da58face14a8e4d0c4ba1b114f_op_StreamingJoinOperator_29c6de9b0f6c5486908e9bb66a93ee45__9_16__uuid_126f3172-a47c-43a0-b5af-4a31643fa4c5/db/000019.sst
139058432	rocksdb/job_8bfed9da58face14a8e4d0c4ba1b114f_op_StreamingJoinOperator_29c6de9b0f6c5486908e9bb66a93ee45__9_16__uuid_126f3172-a47c-43a0-b5af-4a31643fa4c5/db/000020.sst
162954493	rocksdb/job_8bfed9da58face14a8e4d0c4ba1b114f_op_StreamingJoinOperator_29c6de9b0f6c5486908e9bb66a93ee45__9_16__uuid_126f3172-a47c-43a0-b5af-4a31643fa4c5/db/000021.sst
138976846	rocksdb/job_8bfed9da58face14a8e4d0c4ba1b114f_op_StreamingJoinOperator_29c6de9b0f6c5486908e9bb66a93ee45__9_16__uuid_126f3172-a47c-43a0-b5af-4a31643fa4c5/db/000022.sst
139064300	rocksdb/job_8bfed9da58face14a8e4d0c4ba1b114f_op_StreamingJoinOperator_29c6de9b0f6c5486908e9bb66a93ee45__9_16__uuid_126f3172-a47c-43a0-b5af-4a31643fa4c5/db/000023.sst
273515208	rocksdb/job_8bfed9da58face14a8e4d0c4ba1b114f_op_StreamingJoinOperator_29c6de9b0f6c5486908e9bb66a93ee45__9_16__uuid_126f3172-a47c-43a0-b5af-4a31643fa4c5/db/000024.sst
273504456	rocksdb/job_8bfed9da58face14a8e4d0c4ba1b114f_op_StreamingJoinOperator_29c6de9b0f6c5486908e9bb66a93ee45__9_16__uuid_126f3172-a47c-43a0-b5af-4a31643fa4c5/db/000025.sst
273484937	rocksdb/job_8bfed9da58face14a8e4d0c4ba1b114f_op_StreamingJoinOperator_29c6de9b0f6c5486908e9bb66a93ee45__9_16__uuid_126f3172-a47c-43a0-b5af-4a31643fa4c5/db/000026.sst
273469077	rocksdb/job_8bfed9da58face14a8e4d0c4ba1b114f_op_StreamingJoinOperator_29c6de9b0f6c5486908e9bb66a93ee45__9_16__uuid_126f3172-a47c-43a0-b5af-4a31643fa4c5/db/000027.sst
138957036	rocksdb/job_8bfed9da58face14a8e4d0c4ba1b114f_op_StreamingJoinOperator_29c6de9b0f6c5486908e9bb66a93ee45__9_16__uuid_126f3172-a47c-43a0-b5af-4a31643fa4c5/db/000028.sst
