163117933	rocksdb/job_468b1b4810fed74df0f03539da5ba5f4_op_KeyedProcessOperator_987497bfc681cca54be4ca4b6cce3386__10_16__uuid_8841e4a7-db96-4c22-afa5-ca444bcd40d4/db/000014.sst
163121327	rocksdb/job_468b1b4810fed74df0f03539da5ba5f4_op_KeyedProcessOperator_987497bfc681cca54be4ca4b6cce3386__11_16__uuid_bce73bd7-46dc-4637-bd83-6728a45ba7b1/db/000014.sst
163118669	rocksdb/job_468b1b4810fed74df0f03539da5ba5f4_op_KeyedProcessOperator_987497bfc681cca54be4ca4b6cce3386__12_16__uuid_72fe6b20-30ec-46e5-92d0-49cf1fbe1295/db/000014.sst
163115935	rocksdb/job_468b1b4810fed74df0f03539da5ba5f4_op_KeyedProcessOperator_987497bfc681cca54be4ca4b6cce3386__13_16__uuid_04fa5d5b-7cb7-4cd6-b57c-373aedd35fd0/db/000014.sst
163113314	rocksdb/job_468b1b4810fed74df0f03539da5ba5f4_op_KeyedProcessOperator_987497bfc681cca54be4ca4b6cce3386__14_16__uuid_3c66d4aa-b376-4f57-b276-981f5913bd75/db/000014.sst
163118095	rocksdb/job_468b1b4810fed74df0f03539da5ba5f4_op_KeyedProcessOperator_987497bfc681cca54be4ca4b6cce3386__15_16__uuid_b597cfb5-f279-4ec9-a048-381b7a55b776/db/000014.sst
163113011	rocksdb/job_468b1b4810fed74df0f03539da5ba5f4_op_KeyedProcessOperator_987497bfc681cca54be4ca4b6cce3386__16_16__uuid_00824ff4-a565-4bf2-9cf1-7a04de0aaed0/db/000014.sst
163119205	rocksdb/job_468b1b4810fed74df0f03539da5ba5f4_op_KeyedProcessOperator_987497bfc681cca54be4ca4b6cce3386__1_16__uuid_6ba43904-6ace-40d4-a28c-3b5e3ea59ec2/db/000014.sst
163128401	rocksdb/job_468b1b4810fed74df0f03539da5ba5f4_op_KeyedProcessOperator_987497bfc681cca54be4ca4b6cce3386__2_16__uuid_33b9b413-f9fb-409c-9e9e-8beb5d985a8a/db/000014.sst
163121961	rocksdb/job_468b1b4810fed74df0f03539da5ba5f4_op_KeyedProcessOperator_987497bfc681cca54be4ca4b6cce3386__3_16__uuid_77ba61a3-d32e-4cb5-935e-511a5f5f0522/db/000014.sst
163120764	rocksdb/job_468b1b4810fed74df0f03539da5ba5f4_op_KeyedProcessOperator_987497bfc681cca54be4ca4b6cce3386__4_16__uuid_fb94fb82-71fd-4c79-a943-547b1e33e1cb/db/000014.sst
163115359	rocksdb/job_468b1b4810fed74df0f03539da5ba5f4_op_KeyedProcessOperator_987497bfc681cca54be4ca4b6cce3386__5_16__uuid_51ff0128-273b-4c4d-aafb-ce6c4928c955/db/000014.sst
163118855	rocksdb/job_468b1b4810fed74df0f03539da5ba5f4_op_KeyedProcessOperator_987497bfc681cca54be4ca4b6cce3386__6_16__uuid_d68ab7a4-20a4-4c82-9e13-95758303937e/db/000014.sst
163122744	rocksdb/job_468b1b4810fed74df0f03539da5ba5f4_op_KeyedProcessOperator_987497bfc681cca54be4ca4b6cce3386__7_16__uuid_3d516911-7987-4e92-a6ef-744e3845bfc7/db/000014.sst
163124897	rocksdb/job_468b1b4810fed74df0f03539da5ba5f4_op_KeyedProcessOperator_987497bfc681cca54be4ca4b6cce3386__8_16__uuid_cc224b78-4a62-44f7-bd94-6e9a5e0e0fed/db/000014.sst
163115145	rocksdb/job_468b1b4810fed74df0f03539da5ba5f4_op_KeyedProcessOperator_987497bfc681cca54be4ca4b6cce3386__9_16__uuid_52b0765e-48d9-444d-a3ad-ce1be44f526f/db/000014.sst
161143162	rocksdb/job_468b1b4810fed74df0f03539da5ba5f4_op_StreamingJoinOperator_29c6de9b0f6c5486908e9bb66a93ee45__10_16__uuid_ed9586aa-6432-4f3b-9523-e4652f7e5ec9/db/000020.sst
271510258	rocksdb/job_468b1b4810fed74df0f03539da5ba5f4_op_StreamingJoinOperator_29c6de9b0f6c5486908e9bb66a93ee45__10_16__uuid_ed9586aa-6432-4f3b-9523-e4652f7e5ec9/db/000023.sst
271502260	rocksdb/job_468b1b4810fed74df0f03539da5ba5f4_op_StreamingJoinOperator_29c6de9b0f6c5486908e9bb66a93ee45__10_16__uuid_ed9586aa-6432-4f3b-9523-e4652f7e5ec9/db/000024.sst
35424173	rocksdb/job_468b1b4810fed74df0f03539da5ba5f4_op_StreamingJoinOperator_29c6de9b0f6c5486908e9bb66a93ee45__10_16__uuid_ed9586aa-6432-4f3b-9523-e4652f7e5ec9/db/000025.sst
74272910	rocksdb/job_468b1b4810fed74df0f03539da5ba5f4_op_StreamingJoinOperator_29c6de9b0f6c5486908e9bb66a93ee45__10_16__uuid_ed9586aa-6432-4f3b-9523-e4652f7e5ec9/db/000026.sst
161144595	rocksdb/job_468b1b4810fed74df0f03539da5ba5f4_op_StreamingJoinOperator_29c6de9b0f6c5486908e9bb66a93ee45__11_16__uuid_5111ab98-5ba4-4453-980e-0b556e9816f5/db/000020.sst
271481626	rocksdb/job_468b1b4810fed74df0f03539da5ba5f4_op_StreamingJoinOperator_29c6de9b0f6c5486908e9bb66a93ee45__11_16__uuid_5111ab98-5ba4-4453-980e-0b556e9816f5/db/000023.sst
271483344	rocksdb/job_468b1b4810fed74df0f03539da5ba5f4_op_StreamingJoinOperator_29c6de9b0f6c5486908e9bb66a93ee45__11_16__uuid_5111ab98-5ba4-4453-980e-0b556e9816f5/db/000024.sst
35804990	rocksdb/job_468b1b4810fed74df0f03539da5ba5f4_op_StreamingJoinOperator_29c6de9b0f6c5486908e9bb66a93ee45__11_16__uuid_5111ab98-5ba4-4453-980e-0b556e9816f5/db/000025.sst
36983002	rocksdb/job_468b1b4810fed74df0f03539da5ba5f4_op_StreamingJoinOperator_29c6de9b0f6c5486908e9bb66a93ee45__11_16__uuid_5111ab98-5ba4-4453-980e-0b556e9816f5/db/000026.sst
161145109	rocksdb/job_468b1b4810fed74df0f03539da5ba5f4_op_StreamingJoinOperator_29c6de9b0f6c5486908e9bb66a93ee45__12_16__uuid_ceb913fc-dd4c-4544-a287-0df6b5851056/db/000020.sst
271478000	rocksdb/job_468b1b4810fed74df0f03539da5ba5f4_op_StreamingJoinOperator_29c6de9b0f6c5486908e9bb66a93ee45__12_16__uuid_ceb913fc-dd4c-4544-a287-0df6b5851056/db/000023.sst
271504969	rocksdb/job_468b1b4810fed74df0f03539da5ba5f4_op_StreamingJoinOperator_29c6de9b0f6c5486908e9bb66a93ee45__12_16__uuid_ceb913fc-dd4c-4544-a287-0df6b5851056/db/000024.sst
35464720	rocksdb/job_468b1b4810fed74df0f03539da5ba5f4_op_StreamingJoinOperator_29c6de9b0f6c5486908e9bb66a93ee45__12_16__uuid_ceb913fc-dd4c-4544-a287-0df6b5851056/db/000025.sst
74326398	rocksdb/job_468b1b4810fed74df0f03539da5ba5f4_op_StreamingJoinOperator_29c6de9b0f6c5486908e9bb66a93ee45__12_16__uuid_ceb913fc-dd4c-4544-a287-0df6b5851056/db/000026.sst
161148779	rocksdb/job_468b1b4810fed74df0f03539da5ba5f4_op_StreamingJoinOperator_29c6de9b0f6c5486908e9bb66a93ee45__13_16__uuid_b0cf7af0-76d4-43b2-9f7e-f5c3155b0df8/db/000020.sst
271457110	rocksdb/job_468b1b4810fed74df0f03539da5ba5f4_op_StreamingJoinOperator_29c6de9b0f6c5486908e9bb66a93ee45__13_16__uuid_b0cf7af0-76d4-43b2-9f7e-f5c3155b0df8/db/000023.sst
271481795	rocksdb/job_468b1b4810fed74df0f03539da5ba5f4_op_StreamingJoinOperator_29c6de9b0f6c5486908e9bb66a93ee45__13_16__uuid_b0cf7af0-76d4-43b2-9f7e-f5c3155b0df8/db/000024.sst
35230792	rocksdb/job_468b1b4810fed74df0f03539da5ba5f4_op_StreamingJoinOperator_29c6de9b0f6c5486908e9bb66a93ee45__13_16__uuid_b0cf7af0-76d4-43b2-9f7e-f5c3155b0df8/db/000025.sst
74308413	rocksdb/job_468b1b4810fed74df0f03539da5ba5f4_op_StreamingJoinOperator_29c6de9b0f6c5486908e9bb66a93ee45__13_16__uuid_b0cf7af0-76d4-43b2-9f7e-f5c3155b0df8/db/000026.sst
161148035	rocksdb/job_468b1b4810fed74df0f03539da5ba5f4_op_StreamingJoinOperator_29c6de9b0f6c5486908e9bb66a93ee45__14_16__uuid_dd923dd2-e229-46ab-8e04-bf84a9fb5e1c/db/000020.sst
271508857	rocksdb/job_468b1b4810fed74df0f03539da5ba5f4_op_StreamingJoinOperator_29c6de9b0f6c5486908e9bb66a93ee45__14_16__uuid_dd923dd2-e229-46ab-8e04-bf84a9fb5e1c/db/000023.sst
271479714	rocksdb/job_468b1b4810fed74df0f03539da5ba5f4_op_StreamingJoinOperator_29c6de9b0f6c5486908e9bb66a93ee45__14_16__uuid_dd923dd2-e229-46ab-8e04-bf84a9fb5e1c/db/000024.sst
35546547	rocksdb/job_468b1b4810fed74df0f03539da5ba5f4_op_StreamingJoinOperator_29c6de9b0f6c5486908e9bb66a93ee45__14_16__uuid_dd923dd2-e229-46ab-8e04-bf84a9fb5e1c/db/000025.sst
74399558	rocksdb/job_468b1b4810fed74df0f03539da5ba5f4_op_StreamingJoinOperator_29c6de9b0f6c5486908e9bb66a93ee45__14_16__uuid_dd923dd2-e229-46ab-8e04-bf84a9fb5e1c/db/000026.sst
161144628	rocksdb/job_468b1b4810fed74df0f03539da5ba5f4_op_StreamingJoinOperator_29c6de9b0f6c5486908e9bb66a93ee45__15_16__uuid_d32d5d06-afde-4f46-b608-da8c37e24172/db/000020.sst
271511767	rocksdb/job_468b1b4810fed74df0f03539da5ba5f4_op_StreamingJoinOperator_29c6de9b0f6c5486908e9bb66a93ee45__15_16__uuid_d32d5d06-afde-4f46-b608-da8c37e24172/db/000023.sst
271466632	rocksdb/job_468b1b4810fed74df0f03539da5ba5f4_op_StreamingJoinOperator_29c6de9b0f6c5486908e9bb66a93ee45__15_16__uuid_d32d5d06-afde-4f46-b608-da8c37e24172/db/000024.sst
35224787	rocksdb/job_468b1b4810fed74df0f03539da5ba5f4_op_StreamingJoinOperator_29c6de9b0f6c5486908e9bb66a93ee45__15_16__uuid_d32d5d06-afde-4f46-b608-da8c37e24172/db/000025.sst
74352464	rocksdb/job_468b1b4810fed74df0f03539da5ba5f4_op_StreamingJoinOperator_29c6de9b0f6c5486908e9bb66a93ee45__15_16__uuid_d32d5d06-afde-4f46-b608-da8c37e24172/db/000026.sst
161145348	rocksdb/job_468b1b4810fed74df0f03539da5ba5f4_op_StreamingJoinOperator_29c6de9b0f6c5486908e9bb66a93ee45__16_16__uuid_a76cb27f-be6a-4d6e-8544-e223f18d0cb8/db/000020.sst
271494173	rocksdb/job_468b1b4810fed74df0f03539da5ba5f4_op_StreamingJoinOperator_29c6de9b0f6c5486908e9bb66a93ee45__16_16__uuid_a76cb27f-be6a-4d6e-8544-e223f18d0cb8/db/000023.sst
271504553	rocksdb/job_468b1b4810fed74df0f03539da5ba5f4_op_StreamingJoinOperator_29c6de9b0f6c5486908e9bb66a93ee45__16_16__uuid_a76cb27f-be6a-4d6e-8544-e223f18d0cb8/db/000024.sst
35329783	rocksdb/job_468b1b4810fed74df0f03539da5ba5f4_op_StreamingJoinOperator_29c6de9b0f6c5486908e9bb66a93ee45__16_16__uuid_a76cb27f-be6a-4d6e-8544-e223f18d0cb8/db/000025.sst
74235825	rocksdb/job_468b1b4810fed74df0f03539da5ba5f4_op_StreamingJoinOperator_29c6de9b0f6c5486908e9bb66a93ee45__16_16__uuid_a76cb27f-be6a-4d6e-8544-e223f18d0cb8/db/000026.sst
161153884	rocksdb/job_468b1b4810fed74df0f03539da5ba5f4_op_StreamingJoinOperator_29c6de9b0f6c5486908e9bb66a93ee45__1_16__uuid_e5a10ae0-c148-40de-909b-d7b7979bfdcb/db/000020.sst
271476394	rocksdb/job_468b1b4810fed74df0f03539da5ba5f4_op_StreamingJoinOperator_29c6de9b0f6c5486908e9bb66a93ee45__1_16__uuid_e5a10ae0-c148-40de-909b-d7b7979bfdcb/db/000023.sst
271493825	rocksdb/job_468b1b4810fed74df0f03539da5ba5f4_op_StreamingJoinOperator_29c6de9b0f6c5486908e9bb66a93ee45__1_16__uuid_e5a10ae0-c148-40de-909b-d7b7979bfdcb/db/000024.sst
35691582	rocksdb/job_468b1b4810fed74df0f03539da5ba5f4_op_StreamingJoinOperator_29c6de9b0f6c5486908e9bb66a93ee45__1_16__uuid_e5a10ae0-c148-40de-909b-d7b7979bfdcb/db/000025.sst
74378184	rocksdb/job_468b1b4810fed74df0f03539da5ba5f4_op_StreamingJoinOperator_29c6de9b0f6c5486908e9bb66a93ee45__1_16__uuid_e5a10ae0-c148-40de-909b-d7b7979bfdcb/db/000026.sst
161148663	rocksdb/job_468b1b4810fed74df0f03539da5ba5f4_op_StreamingJoinOperator_29c6de9b0f6c5486908e9bb66a93ee45__2_16__uuid_f8824201-6cd9-434b-8741-e91fff512ae8/db/000020.sst
271454699	rocksdb/job_468b1b4810fed74df0f03539da5ba5f4_op_StreamingJoinOperator_29c6de9b0f6c5486908e9bb66a93ee45__2_16__uuid_f8824201-6cd9-434b-8741-e91fff512ae8/db/000023.sst
271486708	rocksdb/job_468b1b4810fed74df0f03539da5ba5f4_op_StreamingJoinOperator_29c6de9b0f6c5486908e9bb66a93ee45__2_16__uuid_f8824201-6cd9-434b-8741-e91fff512ae8/db/000024.sst
35096679	rocksdb/job_468b1b4810fed74df0f03539da5ba5f4_op_StreamingJoinOperator_29c6de9b0f6c5486908e9bb66a93ee45__2_16__uuid_f8824201-6cd9-434b-8741-e91fff512ae8/db/000025.sst
74368994	rocksdb/job_468b1b4810fed74df0f03539da5ba5f4_op_StreamingJoinOperator_29c6de9b0f6c5486908e9bb66a93ee45__2_16__uuid_f8824201-6cd9-434b-8741-e91fff512ae8/db/000026.sst
161151158	rocksdb/job_468b1b4810fed74df0f03539da5ba5f4_op_StreamingJoinOperator_29c6de9b0f6c5486908e9bb66a93ee45__3_16__uuid_4506df02-5c34-486b-be4f-d3d7d3b73ee1/db/000020.sst
271487356	rocksdb/job_468b1b4810fed74df0f03539da5ba5f4_op_StreamingJoinOperator_29c6de9b0f6c5486908e9bb66a93ee45__3_16__uuid_4506df02-5c34-486b-be4f-d3d7d3b73ee1/db/000023.sst
271453243	rocksdb/job_468b1b4810fed74df0f03539da5ba5f4_op_StreamingJoinOperator_29c6de9b0f6c5486908e9bb66a93ee45__3_16__uuid_4506df02-5c34-486b-be4f-d3d7d3b73ee1/db/000024.sst
35704307	rocksdb/job_468b1b4810fed74df0f03539da5ba5f4_op_StreamingJoinOperator_29c6de9b0f6c5486908e9bb66a93ee45__3_16__uuid_4506df02-5c34-486b-be4f-d3d7d3b73ee1/db/000025.sst
74264586	rocksdb/job_468b1b4810fed74df0f03539da5ba5f4_op_StreamingJoinOperator_29c6de9b0f6c5486908e9bb66a93ee45__3_16__uuid_4506df02-5c34-486b-be4f-d3d7d3b73ee1/db/000026.sst
161140758	rocksdb/job_468b1b4810fed74df0f03539da5ba5f4_op_StreamingJoinOperator_29c6de9b0f6c5486908e9bb66a93ee45__4_16__uuid_a00bd478-df68-47e7-a8ac-fbb66bbdcf3a/db/000020.sst
271498975	rocksdb/job_468b1b4810fed74df0f03539da5ba5f4_op_StreamingJoinOperator_29c6de9b0f6c5486908e9bb66a93ee45__4_16__uuid_a00bd478-df68-47e7-a8ac-fbb66bbdcf3a/db/000023.sst
271463142	rocksdb/job_468b1b4810fed74df0f03539da5ba5f4_op_StreamingJoinOperator_29c6de9b0f6c5486908e9bb66a93ee45__4_16__uuid_a00bd478-df68-47e7-a8ac-fbb66bbdcf3a/db/000024.sst
35908679	rocksdb/job_468b1b4810fed74df0f03539da5ba5f4_op_StreamingJoinOperator_29c6de9b0f6c5486908e9bb66a93ee45__4_16__uuid_a00bd478-df68-47e7-a8ac-fbb66bbdcf3a/db/000025.sst
16003760	rocksdb/job_468b1b4810fed74df0f03539da5ba5f4_op_StreamingJoinOperator_29c6de9b0f6c5486908e9bb66a93ee45__4_16__uuid_a00bd478-df68-47e7-a8ac-fbb66bbdcf3a/db/000026.sst
161146644	rocksdb/job_468b1b4810fed74df0f03539da5ba5f4_op_StreamingJoinOperator_29c6de9b0f6c5486908e9bb66a93ee45__5_16__uuid_cab1cb8c-6728-4f2f-ba4c-0be10b2f2134/db/000020.sst
271505577	rocksdb/job_468b1b4810fed74df0f03539da5ba5f4_op_StreamingJoinOperator_29c6de9b0f6c5486908e9bb66a93ee45__5_16__uuid_cab1cb8c-6728-4f2f-ba4c-0be10b2f2134/db/000023.sst
271498455	rocksdb/job_468b1b4810fed74df0f03539da5ba5f4_op_StreamingJoinOperator_29c6de9b0f6c5486908e9bb66a93ee45__5_16__uuid_cab1cb8c-6728-4f2f-ba4c-0be10b2f2134/db/000024.sst
35578510	rocksdb/job_468b1b4810fed74df0f03539da5ba5f4_op_StreamingJoinOperator_29c6de9b0f6c5486908e9bb66a93ee45__5_16__uuid_cab1cb8c-6728-4f2f-ba4c-0be10b2f2134/db/000025.sst
74327174	rocksdb/job_468b1b4810fed74df0f03539da5ba5f4_op_StreamingJoinOperator_29c6de9b0f6c5486908e9bb66a93ee45__5_16__uuid_cab1cb8c-6728-4f2f-ba4c-0be10b2f2134/db/000026.sst
161148741	rocksdb/job_468b1b4810fed74df0f03539da5ba5f4_op_StreamingJoinOperator_29c6de9b0f6c5486908e9bb66a93ee45__6_16__uuid_9edcf5dd-b43e-48c6-9689-fcf216b298b5/db/000020.sst
271460530	rocksdb/job_468b1b4810fed74df0f03539da5ba5f4_op_StreamingJoinOperator_29c6de9b0f6c5486908e9bb66a93ee45__6_16__uuid_9edcf5dd-b43e-48c6-9689-fcf216b298b5/db/000023.sst
271515189	rocksdb/job_468b1b4810fed74df0f03539da5ba5f4_op_StreamingJoinOperator_29c6de9b0f6c5486908e9bb66a93ee45__6_16__uuid_9edcf5dd-b43e-48c6-9689-fcf216b298b5/db/000024.sst
35775567	rocksdb/job_468b1b4810fed74df0f03539da5ba5f4_op_StreamingJoinOperator_29c6de9b0f6c5486908e9bb66a93ee45__6_16__uuid_9edcf5dd-b43e-48c6-9689-fcf216b298b5/db/000025.sst
74142201	rocksdb/job_468b1b4810fed74df0f03539da5ba5f4_op_StreamingJoinOperator_29c6de9b0f6c5486908e9bb66a93ee45__6_16__uuid_9edcf5dd-b43e-48c6-9689-fcf216b298b5/db/000026.sst
161138971	rocksdb/job_468b1b4810fed74df0f03539da5ba5f4_op_StreamingJoinOperator_29c6de9b0f6c5486908e9bb66a93ee45__7_16__uuid_99e35f56-db41-40ae-b789-1b33bf3a9edf/db/000020.sst
271465545	rocksdb/job_468b1b4810fed74df0f03539da5ba5f4_op_StreamingJoinOperator_29c6de9b0f6c5486908e9bb66a93ee45__7_16__uuid_99e35f56-db41-40ae-b789-1b33bf3a9edf/db/000023.sst
271454602	rocksdb/job_468b1b4810fed74df0f03539da5ba5f4_op_StreamingJoinOperator_29c6de9b0f6c5486908e9bb66a93ee45__7_16__uuid_99e35f56-db41-40ae-b789-1b33bf3a9edf/db/000024.sst
35410455	rocksdb/job_468b1b4810fed74df0f03539da5ba5f4_op_StreamingJoinOperator_29c6de9b0f6c5486908e9bb66a93ee45__7_16__uuid_99e35f56-db41-40ae-b789-1b33bf3a9edf/db/000025.sst
74281940	rocksdb/job_468b1b4810fed74df0f03539da5ba5f4_op_StreamingJoinOperator_29c6de9b0f6c5486908e9bb66a93ee45__7_16__uuid_99e35f56-db41-40ae-b789-1b33bf3a9edf/db/000026.sst
161159746	rocksdb/job_468b1b4810fed74df0f03539da5ba5f4_op_StreamingJoinOperator_29c6de9b0f6c5486908e9bb66a93ee45__8_16__uuid_42aa132f-8ec4-48e6-a0df-0505f0cbd809/db/000020.sst
271473868	rocksdb/job_468b1b4810fed74df0f03539da5ba5f4_op_StreamingJoinOperator_29c6de9b0f6c5486908e9bb66a93ee45__8_16__uuid_42aa132f-8ec4-48e6-a0df-0505f0cbd809/db/000023.sst
271493696	rocksdb/job_468b1b4810fed74df0f03539da5ba5f4_op_StreamingJoinOperator_29c6de9b0f6c5486908e9bb66a93ee45__8_16__uuid_42aa132f-8ec4-48e6-a0df-0505f0cbd809/db/000024.sst
35252091	rocksdb/job_468b1b4810fed74df0f03539da5ba5f4_op_StreamingJoinOperator_29c6de9b0f6c5486908e9bb66a93ee45__8_16__uuid_42aa132f-8ec4-48e6-a0df-0505f0cbd809/db/000025.sst
74332028	rocksdb/job_468b1b4810fed74df0f03539da5ba5f4_op_StreamingJoinOperator_29c6de9b0f6c5486908e9bb66a93ee45__8_16__uuid_42aa132f-8ec4-48e6-a0df-0505f0cbd809/db/000026.sst
161150672	rocksdb/job_468b1b4810fed74df0f03539da5ba5f4_op_StreamingJoinOperator_29c6de9b0f6c5486908e9bb66a93ee45__9_16__uuid_ca542808-22d2-4b7a-9eb1-821a1e1491fa/db/000020.sst
271487019	rocksdb/job_468b1b4810fed74df0f03539da5ba5f4_op_StreamingJoinOperator_29c6de9b0f6c5486908e9bb66a93ee45__9_16__uuid_ca542808-22d2-4b7a-9eb1-821a1e1491fa/db/000023.sst
271481118	rocksdb/job_468b1b4810fed74df0f03539da5ba5f4_op_StreamingJoinOperator_29c6de9b0f6c5486908e9bb66a93ee45__9_16__uuid_ca542808-22d2-4b7a-9eb1-821a1e1491fa/db/000024.sst
35894905	rocksdb/job_468b1b4810fed74df0f03539da5ba5f4_op_StreamingJoinOperator_29c6de9b0f6c5486908e9bb66a93ee45__9_16__uuid_ca542808-22d2-4b7a-9eb1-821a1e1491fa/db/000025.sst
52971228	rocksdb/job_468b1b4810fed74df0f03539da5ba5f4_op_StreamingJoinOperator_29c6de9b0f6c5486908e9bb66a93ee45__9_16__uuid_ca542808-22d2-4b7a-9eb1-821a1e1491fa/db/000026.sst
