6049705	rocksdb/job_df6627e838b7eb6cb01a65aa46d6e6e7_op_AggregateWindowOperator_f6dc7f4d2283f4605b127b9364e21148__10_16__uuid_48bab7da-ede8-4b9e-919f-8e95afdc2271/db/000048.sst
4921956	rocksdb/job_df6627e838b7eb6cb01a65aa46d6e6e7_op_AggregateWindowOperator_f6dc7f4d2283f4605b127b9364e21148__10_16__uuid_48bab7da-ede8-4b9e-919f-8e95afdc2271/db/000050.sst
2969312	rocksdb/job_df6627e838b7eb6cb01a65aa46d6e6e7_op_AggregateWindowOperator_f6dc7f4d2283f4605b127b9364e21148__10_16__uuid_48bab7da-ede8-4b9e-919f-8e95afdc2271/db/000051.sst
1908179	rocksdb/job_df6627e838b7eb6cb01a65aa46d6e6e7_op_AggregateWindowOperator_f6dc7f4d2283f4605b127b9364e21148__10_16__uuid_48bab7da-ede8-4b9e-919f-8e95afdc2271/db/000052.sst
2852825	rocksdb/job_df6627e838b7eb6cb01a65aa46d6e6e7_op_AggregateWindowOperator_f6dc7f4d2283f4605b127b9364e21148__10_16__uuid_48bab7da-ede8-4b9e-919f-8e95afdc2271/db/000053.sst
5994984	rocksdb/job_df6627e838b7eb6cb01a65aa46d6e6e7_op_AggregateWindowOperator_f6dc7f4d2283f4605b127b9364e21148__11_16__uuid_1ec451f6-5f8f-429a-8720-37c238c91751/db/000048.sst
4894769	rocksdb/job_df6627e838b7eb6cb01a65aa46d6e6e7_op_AggregateWindowOperator_f6dc7f4d2283f4605b127b9364e21148__11_16__uuid_1ec451f6-5f8f-429a-8720-37c238c91751/db/000050.sst
3292733	rocksdb/job_df6627e838b7eb6cb01a65aa46d6e6e7_op_AggregateWindowOperator_f6dc7f4d2283f4605b127b9364e21148__11_16__uuid_1ec451f6-5f8f-429a-8720-37c238c91751/db/000051.sst
2221125	rocksdb/job_df6627e838b7eb6cb01a65aa46d6e6e7_op_AggregateWindowOperator_f6dc7f4d2283f4605b127b9364e21148__11_16__uuid_1ec451f6-5f8f-429a-8720-37c238c91751/db/000052.sst
2984205	rocksdb/job_df6627e838b7eb6cb01a65aa46d6e6e7_op_AggregateWindowOperator_f6dc7f4d2283f4605b127b9364e21148__11_16__uuid_1ec451f6-5f8f-429a-8720-37c238c91751/db/000053.sst
4984618	rocksdb/job_df6627e838b7eb6cb01a65aa46d6e6e7_op_AggregateWindowOperator_f6dc7f4d2283f4605b127b9364e21148__12_16__uuid_5a3001b7-6470-454f-b22a-5a365851e74d/db/000048.sst
6139570	rocksdb/job_df6627e838b7eb6cb01a65aa46d6e6e7_op_AggregateWindowOperator_f6dc7f4d2283f4605b127b9364e21148__12_16__uuid_5a3001b7-6470-454f-b22a-5a365851e74d/db/000050.sst
3014009	rocksdb/job_df6627e838b7eb6cb01a65aa46d6e6e7_op_AggregateWindowOperator_f6dc7f4d2283f4605b127b9364e21148__12_16__uuid_5a3001b7-6470-454f-b22a-5a365851e74d/db/000051.sst
1944385	rocksdb/job_df6627e838b7eb6cb01a65aa46d6e6e7_op_AggregateWindowOperator_f6dc7f4d2283f4605b127b9364e21148__12_16__uuid_5a3001b7-6470-454f-b22a-5a365851e74d/db/000052.sst
5865173	rocksdb/job_df6627e838b7eb6cb01a65aa46d6e6e7_op_AggregateWindowOperator_f6dc7f4d2283f4605b127b9364e21148__13_16__uuid_836d8851-1f2b-4998-bc6f-a59309a74fb5/db/000048.sst
4817409	rocksdb/job_df6627e838b7eb6cb01a65aa46d6e6e7_op_AggregateWindowOperator_f6dc7f4d2283f4605b127b9364e21148__13_16__uuid_836d8851-1f2b-4998-bc6f-a59309a74fb5/db/000050.sst
2876350	rocksdb/job_df6627e838b7eb6cb01a65aa46d6e6e7_op_AggregateWindowOperator_f6dc7f4d2283f4605b127b9364e21148__13_16__uuid_836d8851-1f2b-4998-bc6f-a59309a74fb5/db/000051.sst
1887343	rocksdb/job_df6627e838b7eb6cb01a65aa46d6e6e7_op_AggregateWindowOperator_f6dc7f4d2283f4605b127b9364e21148__13_16__uuid_836d8851-1f2b-4998-bc6f-a59309a74fb5/db/000052.sst
3079977	rocksdb/job_df6627e838b7eb6cb01a65aa46d6e6e7_op_AggregateWindowOperator_f6dc7f4d2283f4605b127b9364e21148__13_16__uuid_836d8851-1f2b-4998-bc6f-a59309a74fb5/db/000053.sst
1954718	rocksdb/job_df6627e838b7eb6cb01a65aa46d6e6e7_op_AggregateWindowOperator_f6dc7f4d2283f4605b127b9364e21148__13_16__uuid_836d8851-1f2b-4998-bc6f-a59309a74fb5/db/000054.sst
5868916	rocksdb/job_df6627e838b7eb6cb01a65aa46d6e6e7_op_AggregateWindowOperator_f6dc7f4d2283f4605b127b9364e21148__14_16__uuid_b84ade81-6141-40b8-8a20-ae913a4af909/db/000048.sst
4815615	rocksdb/job_df6627e838b7eb6cb01a65aa46d6e6e7_op_AggregateWindowOperator_f6dc7f4d2283f4605b127b9364e21148__14_16__uuid_b84ade81-6141-40b8-8a20-ae913a4af909/db/000050.sst
3099764	rocksdb/job_df6627e838b7eb6cb01a65aa46d6e6e7_op_AggregateWindowOperator_f6dc7f4d2283f4605b127b9364e21148__14_16__uuid_b84ade81-6141-40b8-8a20-ae913a4af909/db/000051.sst
2019297	rocksdb/job_df6627e838b7eb6cb01a65aa46d6e6e7_op_AggregateWindowOperator_f6dc7f4d2283f4605b127b9364e21148__14_16__uuid_b84ade81-6141-40b8-8a20-ae913a4af909/db/000052.sst
3235158	rocksdb/job_df6627e838b7eb6cb01a65aa46d6e6e7_op_AggregateWindowOperator_f6dc7f4d2283f4605b127b9364e21148__14_16__uuid_b84ade81-6141-40b8-8a20-ae913a4af909/db/000053.sst
6011839	rocksdb/job_df6627e838b7eb6cb01a65aa46d6e6e7_op_AggregateWindowOperator_f6dc7f4d2283f4605b127b9364e21148__15_16__uuid_f3033462-9abf-4cb4-9fbf-7f4e6eea5317/db/000048.sst
4897931	rocksdb/job_df6627e838b7eb6cb01a65aa46d6e6e7_op_AggregateWindowOperator_f6dc7f4d2283f4605b127b9364e21148__15_16__uuid_f3033462-9abf-4cb4-9fbf-7f4e6eea5317/db/000050.sst
3295675	rocksdb/job_df6627e838b7eb6cb01a65aa46d6e6e7_op_AggregateWindowOperator_f6dc7f4d2283f4605b127b9364e21148__15_16__uuid_f3033462-9abf-4cb4-9fbf-7f4e6eea5317/db/000051.sst
2175556	rocksdb/job_df6627e838b7eb6cb01a65aa46d6e6e7_op_AggregateWindowOperator_f6dc7f4d2283f4605b127b9364e21148__15_16__uuid_f3033462-9abf-4cb4-9fbf-7f4e6eea5317/db/000052.sst
2095425	rocksdb/job_df6627e838b7eb6cb01a65aa46d6e6e7_op_AggregateWindowOperator_f6dc7f4d2283f4605b127b9364e21148__15_16__uuid_f3033462-9abf-4cb4-9fbf-7f4e6eea5317/db/000053.sst
4980854	rocksdb/job_df6627e838b7eb6cb01a65aa46d6e6e7_op_AggregateWindowOperator_f6dc7f4d2283f4605b127b9364e21148__16_16__uuid_f94b1505-01d2-47ee-bbfa-85d26c5718c5/db/000048.sst
6147584	rocksdb/job_df6627e838b7eb6cb01a65aa46d6e6e7_op_AggregateWindowOperator_f6dc7f4d2283f4605b127b9364e21148__16_16__uuid_f94b1505-01d2-47ee-bbfa-85d26c5718c5/db/000050.sst
3306105	rocksdb/job_df6627e838b7eb6cb01a65aa46d6e6e7_op_AggregateWindowOperator_f6dc7f4d2283f4605b127b9364e21148__16_16__uuid_f94b1505-01d2-47ee-bbfa-85d26c5718c5/db/000051.sst
2160023	rocksdb/job_df6627e838b7eb6cb01a65aa46d6e6e7_op_AggregateWindowOperator_f6dc7f4d2283f4605b127b9364e21148__16_16__uuid_f94b1505-01d2-47ee-bbfa-85d26c5718c5/db/000052.sst
5952916	rocksdb/job_df6627e838b7eb6cb01a65aa46d6e6e7_op_AggregateWindowOperator_f6dc7f4d2283f4605b127b9364e21148__1_16__uuid_67b821d8-5fb4-4773-a30f-3f374b93bb24/db/000048.sst
4879538	rocksdb/job_df6627e838b7eb6cb01a65aa46d6e6e7_op_AggregateWindowOperator_f6dc7f4d2283f4605b127b9364e21148__1_16__uuid_67b821d8-5fb4-4773-a30f-3f374b93bb24/db/000050.sst
3026728	rocksdb/job_df6627e838b7eb6cb01a65aa46d6e6e7_op_AggregateWindowOperator_f6dc7f4d2283f4605b127b9364e21148__1_16__uuid_67b821d8-5fb4-4773-a30f-3f374b93bb24/db/000051.sst
1957185	rocksdb/job_df6627e838b7eb6cb01a65aa46d6e6e7_op_AggregateWindowOperator_f6dc7f4d2283f4605b127b9364e21148__1_16__uuid_67b821d8-5fb4-4773-a30f-3f374b93bb24/db/000052.sst
3181466	rocksdb/job_df6627e838b7eb6cb01a65aa46d6e6e7_op_AggregateWindowOperator_f6dc7f4d2283f4605b127b9364e21148__1_16__uuid_67b821d8-5fb4-4773-a30f-3f374b93bb24/db/000053.sst
5995940	rocksdb/job_df6627e838b7eb6cb01a65aa46d6e6e7_op_AggregateWindowOperator_f6dc7f4d2283f4605b127b9364e21148__2_16__uuid_f817a460-eae2-4fe4-9951-d3049715533c/db/000048.sst
4905724	rocksdb/job_df6627e838b7eb6cb01a65aa46d6e6e7_op_AggregateWindowOperator_f6dc7f4d2283f4605b127b9364e21148__2_16__uuid_f817a460-eae2-4fe4-9951-d3049715533c/db/000050.sst
2951438	rocksdb/job_df6627e838b7eb6cb01a65aa46d6e6e7_op_AggregateWindowOperator_f6dc7f4d2283f4605b127b9364e21148__2_16__uuid_f817a460-eae2-4fe4-9951-d3049715533c/db/000051.sst
1841519	rocksdb/job_df6627e838b7eb6cb01a65aa46d6e6e7_op_AggregateWindowOperator_f6dc7f4d2283f4605b127b9364e21148__2_16__uuid_f817a460-eae2-4fe4-9951-d3049715533c/db/000052.sst
2787067	rocksdb/job_df6627e838b7eb6cb01a65aa46d6e6e7_op_AggregateWindowOperator_f6dc7f4d2283f4605b127b9364e21148__2_16__uuid_f817a460-eae2-4fe4-9951-d3049715533c/db/000053.sst
5054114	rocksdb/job_df6627e838b7eb6cb01a65aa46d6e6e7_op_AggregateWindowOperator_f6dc7f4d2283f4605b127b9364e21148__3_16__uuid_b6fbca2a-c8b9-430a-a8ca-47893908f8c5/db/000048.sst
6240396	rocksdb/job_df6627e838b7eb6cb01a65aa46d6e6e7_op_AggregateWindowOperator_f6dc7f4d2283f4605b127b9364e21148__3_16__uuid_b6fbca2a-c8b9-430a-a8ca-47893908f8c5/db/000050.sst
2893300	rocksdb/job_df6627e838b7eb6cb01a65aa46d6e6e7_op_AggregateWindowOperator_f6dc7f4d2283f4605b127b9364e21148__3_16__uuid_b6fbca2a-c8b9-430a-a8ca-47893908f8c5/db/000051.sst
1876933	rocksdb/job_df6627e838b7eb6cb01a65aa46d6e6e7_op_AggregateWindowOperator_f6dc7f4d2283f4605b127b9364e21148__3_16__uuid_b6fbca2a-c8b9-430a-a8ca-47893908f8c5/db/000052.sst
4975450	rocksdb/job_df6627e838b7eb6cb01a65aa46d6e6e7_op_AggregateWindowOperator_f6dc7f4d2283f4605b127b9364e21148__4_16__uuid_9c24a108-016e-4311-86b1-449435756c95/db/000048.sst
6136648	rocksdb/job_df6627e838b7eb6cb01a65aa46d6e6e7_op_AggregateWindowOperator_f6dc7f4d2283f4605b127b9364e21148__4_16__uuid_9c24a108-016e-4311-86b1-449435756c95/db/000050.sst
3043646	rocksdb/job_df6627e838b7eb6cb01a65aa46d6e6e7_op_AggregateWindowOperator_f6dc7f4d2283f4605b127b9364e21148__4_16__uuid_9c24a108-016e-4311-86b1-449435756c95/db/000051.sst
1938718	rocksdb/job_df6627e838b7eb6cb01a65aa46d6e6e7_op_AggregateWindowOperator_f6dc7f4d2283f4605b127b9364e21148__4_16__uuid_9c24a108-016e-4311-86b1-449435756c95/db/000052.sst
6060581	rocksdb/job_df6627e838b7eb6cb01a65aa46d6e6e7_op_AggregateWindowOperator_f6dc7f4d2283f4605b127b9364e21148__5_16__uuid_86ec29ff-ceab-45e5-aaad-739e680c0778/db/000048.sst
4935396	rocksdb/job_df6627e838b7eb6cb01a65aa46d6e6e7_op_AggregateWindowOperator_f6dc7f4d2283f4605b127b9364e21148__5_16__uuid_86ec29ff-ceab-45e5-aaad-739e680c0778/db/000050.sst
2885384	rocksdb/job_df6627e838b7eb6cb01a65aa46d6e6e7_op_AggregateWindowOperator_f6dc7f4d2283f4605b127b9364e21148__5_16__uuid_86ec29ff-ceab-45e5-aaad-739e680c0778/db/000051.sst
1848922	rocksdb/job_df6627e838b7eb6cb01a65aa46d6e6e7_op_AggregateWindowOperator_f6dc7f4d2283f4605b127b9364e21148__5_16__uuid_86ec29ff-ceab-45e5-aaad-739e680c0778/db/000052.sst
5921890	rocksdb/job_df6627e838b7eb6cb01a65aa46d6e6e7_op_AggregateWindowOperator_f6dc7f4d2283f4605b127b9364e21148__6_16__uuid_a2bf0358-be0c-4b6d-8c6d-37a0f013b289/db/000048.sst
4860157	rocksdb/job_df6627e838b7eb6cb01a65aa46d6e6e7_op_AggregateWindowOperator_f6dc7f4d2283f4605b127b9364e21148__6_16__uuid_a2bf0358-be0c-4b6d-8c6d-37a0f013b289/db/000050.sst
3020242	rocksdb/job_df6627e838b7eb6cb01a65aa46d6e6e7_op_AggregateWindowOperator_f6dc7f4d2283f4605b127b9364e21148__6_16__uuid_a2bf0358-be0c-4b6d-8c6d-37a0f013b289/db/000051.sst
1980525	rocksdb/job_df6627e838b7eb6cb01a65aa46d6e6e7_op_AggregateWindowOperator_f6dc7f4d2283f4605b127b9364e21148__6_16__uuid_a2bf0358-be0c-4b6d-8c6d-37a0f013b289/db/000052.sst
3036437	rocksdb/job_df6627e838b7eb6cb01a65aa46d6e6e7_op_AggregateWindowOperator_f6dc7f4d2283f4605b127b9364e21148__6_16__uuid_a2bf0358-be0c-4b6d-8c6d-37a0f013b289/db/000053.sst
5060688	rocksdb/job_df6627e838b7eb6cb01a65aa46d6e6e7_op_AggregateWindowOperator_f6dc7f4d2283f4605b127b9364e21148__7_16__uuid_db302445-cd03-4066-a60d-d4868e280201/db/000048.sst
6244191	rocksdb/job_df6627e838b7eb6cb01a65aa46d6e6e7_op_AggregateWindowOperator_f6dc7f4d2283f4605b127b9364e21148__7_16__uuid_db302445-cd03-4066-a60d-d4868e280201/db/000050.sst
2908958	rocksdb/job_df6627e838b7eb6cb01a65aa46d6e6e7_op_AggregateWindowOperator_f6dc7f4d2283f4605b127b9364e21148__7_16__uuid_db302445-cd03-4066-a60d-d4868e280201/db/000051.sst
1916756	rocksdb/job_df6627e838b7eb6cb01a65aa46d6e6e7_op_AggregateWindowOperator_f6dc7f4d2283f4605b127b9364e21148__7_16__uuid_db302445-cd03-4066-a60d-d4868e280201/db/000052.sst
6051966	rocksdb/job_df6627e838b7eb6cb01a65aa46d6e6e7_op_AggregateWindowOperator_f6dc7f4d2283f4605b127b9364e21148__8_16__uuid_0ff2f07d-2b81-48aa-abd5-6b4cf39a6355/db/000048.sst
4950162	rocksdb/job_df6627e838b7eb6cb01a65aa46d6e6e7_op_AggregateWindowOperator_f6dc7f4d2283f4605b127b9364e21148__8_16__uuid_0ff2f07d-2b81-48aa-abd5-6b4cf39a6355/db/000050.sst
3075880	rocksdb/job_df6627e838b7eb6cb01a65aa46d6e6e7_op_AggregateWindowOperator_f6dc7f4d2283f4605b127b9364e21148__8_16__uuid_0ff2f07d-2b81-48aa-abd5-6b4cf39a6355/db/000051.sst
2070973	rocksdb/job_df6627e838b7eb6cb01a65aa46d6e6e7_op_AggregateWindowOperator_f6dc7f4d2283f4605b127b9364e21148__8_16__uuid_0ff2f07d-2b81-48aa-abd5-6b4cf39a6355/db/000052.sst
6095650	rocksdb/job_df6627e838b7eb6cb01a65aa46d6e6e7_op_AggregateWindowOperator_f6dc7f4d2283f4605b127b9364e21148__9_16__uuid_e40e0917-c448-4db0-acd8-f7da03199736/db/000048.sst
4973257	rocksdb/job_df6627e838b7eb6cb01a65aa46d6e6e7_op_AggregateWindowOperator_f6dc7f4d2283f4605b127b9364e21148__9_16__uuid_e40e0917-c448-4db0-acd8-f7da03199736/db/000050.sst
3020696	rocksdb/job_df6627e838b7eb6cb01a65aa46d6e6e7_op_AggregateWindowOperator_f6dc7f4d2283f4605b127b9364e21148__9_16__uuid_e40e0917-c448-4db0-acd8-f7da03199736/db/000051.sst
1981863	rocksdb/job_df6627e838b7eb6cb01a65aa46d6e6e7_op_AggregateWindowOperator_f6dc7f4d2283f4605b127b9364e21148__9_16__uuid_e40e0917-c448-4db0-acd8-f7da03199736/db/000052.sst
