163137647	rocksdb/job_bee8bc2dcc36a6629ab4351e45541100_op_KeyedProcessOperator_987497bfc681cca54be4ca4b6cce3386__10_16__uuid_c861faf0-e74e-44d6-8dc6-b722ef19d8cb/db/000014.sst
163138066	rocksdb/job_bee8bc2dcc36a6629ab4351e45541100_op_KeyedProcessOperator_987497bfc681cca54be4ca4b6cce3386__11_16__uuid_ae993fa7-41d6-47e9-9ab0-8659443340d4/db/000014.sst
163134765	rocksdb/job_bee8bc2dcc36a6629ab4351e45541100_op_KeyedProcessOperator_987497bfc681cca54be4ca4b6cce3386__12_16__uuid_810ddacb-5c01-4c4b-96b2-30d2a733ad03/db/000014.sst
163137944	rocksdb/job_bee8bc2dcc36a6629ab4351e45541100_op_KeyedProcessOperator_987497bfc681cca54be4ca4b6cce3386__13_16__uuid_c00f1352-f9de-498d-8cc3-2d1724634875/db/000014.sst
163133653	rocksdb/job_bee8bc2dcc36a6629ab4351e45541100_op_KeyedProcessOperator_987497bfc681cca54be4ca4b6cce3386__14_16__uuid_d0b3aa99-bc6c-4c87-b13a-914d15882e07/db/000014.sst
163132215	rocksdb/job_bee8bc2dcc36a6629ab4351e45541100_op_KeyedProcessOperator_987497bfc681cca54be4ca4b6cce3386__15_16__uuid_fe5cb5cd-f774-4b76-9c98-2f5c7684a4be/db/000014.sst
163131543	rocksdb/job_bee8bc2dcc36a6629ab4351e45541100_op_KeyedProcessOperator_987497bfc681cca54be4ca4b6cce3386__16_16__uuid_2fed7a71-14ce-436d-8344-b7e909384c4f/db/000014.sst
163132341	rocksdb/job_bee8bc2dcc36a6629ab4351e45541100_op_KeyedProcessOperator_987497bfc681cca54be4ca4b6cce3386__1_16__uuid_8542a76d-c8b4-4e1e-b501-80f275b4f5d6/db/000014.sst
163130070	rocksdb/job_bee8bc2dcc36a6629ab4351e45541100_op_KeyedProcessOperator_987497bfc681cca54be4ca4b6cce3386__2_16__uuid_eb06142a-43bd-4935-8729-b1aa38ab21c3/db/000014.sst
163135110	rocksdb/job_bee8bc2dcc36a6629ab4351e45541100_op_KeyedProcessOperator_987497bfc681cca54be4ca4b6cce3386__3_16__uuid_3356182c-9756-4344-999e-3cdc01d8a664/db/000014.sst
163128393	rocksdb/job_bee8bc2dcc36a6629ab4351e45541100_op_KeyedProcessOperator_987497bfc681cca54be4ca4b6cce3386__4_16__uuid_4c64da9b-f236-4567-8017-d8e6793e09a7/db/000014.sst
163137043	rocksdb/job_bee8bc2dcc36a6629ab4351e45541100_op_KeyedProcessOperator_987497bfc681cca54be4ca4b6cce3386__5_16__uuid_0f943cef-936b-4a7d-bbcc-be576f428ad0/db/000014.sst
163131666	rocksdb/job_bee8bc2dcc36a6629ab4351e45541100_op_KeyedProcessOperator_987497bfc681cca54be4ca4b6cce3386__6_16__uuid_de9e72c7-1c0f-4537-9349-1086cdd5f9a7/db/000014.sst
163132513	rocksdb/job_bee8bc2dcc36a6629ab4351e45541100_op_KeyedProcessOperator_987497bfc681cca54be4ca4b6cce3386__7_16__uuid_528b3fdd-4b7b-4a51-8d80-96887ae8d3f6/db/000014.sst
163141777	rocksdb/job_bee8bc2dcc36a6629ab4351e45541100_op_KeyedProcessOperator_987497bfc681cca54be4ca4b6cce3386__8_16__uuid_e409afd9-c5d3-4fda-a0a8-44b8d683caa6/db/000014.sst
163133308	rocksdb/job_bee8bc2dcc36a6629ab4351e45541100_op_KeyedProcessOperator_987497bfc681cca54be4ca4b6cce3386__9_16__uuid_47dcd2cc-0f61-4704-8171-61e649e773b0/db/000014.sst
