68084715	rocksdb/job_ffb5e77c9bf8c5ec3ea6ef5c35c99297_op_KeyedProcessOperator_f6dc7f4d2283f4605b127b9364e21148__10_16__uuid_077bfb5d-2458-46db-a183-b58f6ea333cb/db/000018.sst
32404740	rocksdb/job_ffb5e77c9bf8c5ec3ea6ef5c35c99297_op_KeyedProcessOperator_f6dc7f4d2283f4605b127b9364e21148__10_16__uuid_077bfb5d-2458-46db-a183-b58f6ea333cb/db/000019.sst
58479370	rocksdb/job_ffb5e77c9bf8c5ec3ea6ef5c35c99297_op_KeyedProcessOperator_f6dc7f4d2283f4605b127b9364e21148__10_16__uuid_077bfb5d-2458-46db-a183-b58f6ea333cb/db/000020.sst
32356576	rocksdb/job_ffb5e77c9bf8c5ec3ea6ef5c35c99297_op_KeyedProcessOperator_f6dc7f4d2283f4605b127b9364e21148__10_16__uuid_077bfb5d-2458-46db-a183-b58f6ea333cb/db/000021.sst
32346917	rocksdb/job_ffb5e77c9bf8c5ec3ea6ef5c35c99297_op_KeyedProcessOperator_f6dc7f4d2283f4605b127b9364e21148__10_16__uuid_077bfb5d-2458-46db-a183-b58f6ea333cb/db/000022.sst
68083281	rocksdb/job_ffb5e77c9bf8c5ec3ea6ef5c35c99297_op_KeyedProcessOperator_f6dc7f4d2283f4605b127b9364e21148__11_16__uuid_a763ba59-e9d9-45f7-b8d7-6992d2f280a5/db/000018.sst
32394029	rocksdb/job_ffb5e77c9bf8c5ec3ea6ef5c35c99297_op_KeyedProcessOperator_f6dc7f4d2283f4605b127b9364e21148__11_16__uuid_a763ba59-e9d9-45f7-b8d7-6992d2f280a5/db/000019.sst
58493979	rocksdb/job_ffb5e77c9bf8c5ec3ea6ef5c35c99297_op_KeyedProcessOperator_f6dc7f4d2283f4605b127b9364e21148__11_16__uuid_a763ba59-e9d9-45f7-b8d7-6992d2f280a5/db/000020.sst
32365127	rocksdb/job_ffb5e77c9bf8c5ec3ea6ef5c35c99297_op_KeyedProcessOperator_f6dc7f4d2283f4605b127b9364e21148__11_16__uuid_a763ba59-e9d9-45f7-b8d7-6992d2f280a5/db/000021.sst
32359183	rocksdb/job_ffb5e77c9bf8c5ec3ea6ef5c35c99297_op_KeyedProcessOperator_f6dc7f4d2283f4605b127b9364e21148__11_16__uuid_a763ba59-e9d9-45f7-b8d7-6992d2f280a5/db/000022.sst
25140879	rocksdb/job_ffb5e77c9bf8c5ec3ea6ef5c35c99297_op_KeyedProcessOperator_f6dc7f4d2283f4605b127b9364e21148__11_16__uuid_a763ba59-e9d9-45f7-b8d7-6992d2f280a5/db/000023.sst
68086207	rocksdb/job_ffb5e77c9bf8c5ec3ea6ef5c35c99297_op_KeyedProcessOperator_f6dc7f4d2283f4605b127b9364e21148__12_16__uuid_8cf10935-df98-4078-94b8-66a49f66b686/db/000018.sst
32391232	rocksdb/job_ffb5e77c9bf8c5ec3ea6ef5c35c99297_op_KeyedProcessOperator_f6dc7f4d2283f4605b127b9364e21148__12_16__uuid_8cf10935-df98-4078-94b8-66a49f66b686/db/000019.sst
58445698	rocksdb/job_ffb5e77c9bf8c5ec3ea6ef5c35c99297_op_KeyedProcessOperator_f6dc7f4d2283f4605b127b9364e21148__12_16__uuid_8cf10935-df98-4078-94b8-66a49f66b686/db/000020.sst
32364955	rocksdb/job_ffb5e77c9bf8c5ec3ea6ef5c35c99297_op_KeyedProcessOperator_f6dc7f4d2283f4605b127b9364e21148__12_16__uuid_8cf10935-df98-4078-94b8-66a49f66b686/db/000021.sst
32367083	rocksdb/job_ffb5e77c9bf8c5ec3ea6ef5c35c99297_op_KeyedProcessOperator_f6dc7f4d2283f4605b127b9364e21148__12_16__uuid_8cf10935-df98-4078-94b8-66a49f66b686/db/000022.sst
32340565	rocksdb/job_ffb5e77c9bf8c5ec3ea6ef5c35c99297_op_KeyedProcessOperator_f6dc7f4d2283f4605b127b9364e21148__12_16__uuid_8cf10935-df98-4078-94b8-66a49f66b686/db/000023.sst
3142464	rocksdb/job_ffb5e77c9bf8c5ec3ea6ef5c35c99297_op_KeyedProcessOperator_f6dc7f4d2283f4605b127b9364e21148__12_16__uuid_8cf10935-df98-4078-94b8-66a49f66b686/db/000024.sst
68083884	rocksdb/job_ffb5e77c9bf8c5ec3ea6ef5c35c99297_op_KeyedProcessOperator_f6dc7f4d2283f4605b127b9364e21148__13_16__uuid_50eabb03-8027-484c-aaf1-829ca700cf48/db/000018.sst
58461642	rocksdb/job_ffb5e77c9bf8c5ec3ea6ef5c35c99297_op_KeyedProcessOperator_f6dc7f4d2283f4605b127b9364e21148__13_16__uuid_50eabb03-8027-484c-aaf1-829ca700cf48/db/000019.sst
32371387	rocksdb/job_ffb5e77c9bf8c5ec3ea6ef5c35c99297_op_KeyedProcessOperator_f6dc7f4d2283f4605b127b9364e21148__13_16__uuid_50eabb03-8027-484c-aaf1-829ca700cf48/db/000020.sst
32358393	rocksdb/job_ffb5e77c9bf8c5ec3ea6ef5c35c99297_op_KeyedProcessOperator_f6dc7f4d2283f4605b127b9364e21148__13_16__uuid_50eabb03-8027-484c-aaf1-829ca700cf48/db/000021.sst
32357892	rocksdb/job_ffb5e77c9bf8c5ec3ea6ef5c35c99297_op_KeyedProcessOperator_f6dc7f4d2283f4605b127b9364e21148__13_16__uuid_50eabb03-8027-484c-aaf1-829ca700cf48/db/000022.sst
32332149	rocksdb/job_ffb5e77c9bf8c5ec3ea6ef5c35c99297_op_KeyedProcessOperator_f6dc7f4d2283f4605b127b9364e21148__13_16__uuid_50eabb03-8027-484c-aaf1-829ca700cf48/db/000023.sst
0	rocksdb/job_ffb5e77c9bf8c5ec3ea6ef5c35c99297_op_KeyedProcessOperator_f6dc7f4d2283f4605b127b9364e21148__13_16__uuid_50eabb03-8027-484c-aaf1-829ca700cf48/db/000024.sst
68084208	rocksdb/job_ffb5e77c9bf8c5ec3ea6ef5c35c99297_op_KeyedProcessOperator_f6dc7f4d2283f4605b127b9364e21148__14_16__uuid_88800d34-0243-446e-a5c7-79118edd52d6/db/000018.sst
58443919	rocksdb/job_ffb5e77c9bf8c5ec3ea6ef5c35c99297_op_KeyedProcessOperator_f6dc7f4d2283f4605b127b9364e21148__14_16__uuid_88800d34-0243-446e-a5c7-79118edd52d6/db/000019.sst
32420990	rocksdb/job_ffb5e77c9bf8c5ec3ea6ef5c35c99297_op_KeyedProcessOperator_f6dc7f4d2283f4605b127b9364e21148__14_16__uuid_88800d34-0243-446e-a5c7-79118edd52d6/db/000020.sst
32372090	rocksdb/job_ffb5e77c9bf8c5ec3ea6ef5c35c99297_op_KeyedProcessOperator_f6dc7f4d2283f4605b127b9364e21148__14_16__uuid_88800d34-0243-446e-a5c7-79118edd52d6/db/000021.sst
32357706	rocksdb/job_ffb5e77c9bf8c5ec3ea6ef5c35c99297_op_KeyedProcessOperator_f6dc7f4d2283f4605b127b9364e21148__14_16__uuid_88800d34-0243-446e-a5c7-79118edd52d6/db/000022.sst
68084837	rocksdb/job_ffb5e77c9bf8c5ec3ea6ef5c35c99297_op_KeyedProcessOperator_f6dc7f4d2283f4605b127b9364e21148__15_16__uuid_32cd352f-134e-4726-9e00-8033ba02e000/db/000018.sst
32385410	rocksdb/job_ffb5e77c9bf8c5ec3ea6ef5c35c99297_op_KeyedProcessOperator_f6dc7f4d2283f4605b127b9364e21148__15_16__uuid_32cd352f-134e-4726-9e00-8033ba02e000/db/000019.sst
58475605	rocksdb/job_ffb5e77c9bf8c5ec3ea6ef5c35c99297_op_KeyedProcessOperator_f6dc7f4d2283f4605b127b9364e21148__15_16__uuid_32cd352f-134e-4726-9e00-8033ba02e000/db/000020.sst
32362865	rocksdb/job_ffb5e77c9bf8c5ec3ea6ef5c35c99297_op_KeyedProcessOperator_f6dc7f4d2283f4605b127b9364e21148__15_16__uuid_32cd352f-134e-4726-9e00-8033ba02e000/db/000021.sst
32346968	rocksdb/job_ffb5e77c9bf8c5ec3ea6ef5c35c99297_op_KeyedProcessOperator_f6dc7f4d2283f4605b127b9364e21148__15_16__uuid_32cd352f-134e-4726-9e00-8033ba02e000/db/000022.sst
0	rocksdb/job_ffb5e77c9bf8c5ec3ea6ef5c35c99297_op_KeyedProcessOperator_f6dc7f4d2283f4605b127b9364e21148__15_16__uuid_32cd352f-134e-4726-9e00-8033ba02e000/db/000023.sst
68085413	rocksdb/job_ffb5e77c9bf8c5ec3ea6ef5c35c99297_op_KeyedProcessOperator_f6dc7f4d2283f4605b127b9364e21148__16_16__uuid_0c527817-7dd9-4e2d-a711-ff5a86504b3d/db/000018.sst
58443388	rocksdb/job_ffb5e77c9bf8c5ec3ea6ef5c35c99297_op_KeyedProcessOperator_f6dc7f4d2283f4605b127b9364e21148__16_16__uuid_0c527817-7dd9-4e2d-a711-ff5a86504b3d/db/000019.sst
32414104	rocksdb/job_ffb5e77c9bf8c5ec3ea6ef5c35c99297_op_KeyedProcessOperator_f6dc7f4d2283f4605b127b9364e21148__16_16__uuid_0c527817-7dd9-4e2d-a711-ff5a86504b3d/db/000020.sst
32370580	rocksdb/job_ffb5e77c9bf8c5ec3ea6ef5c35c99297_op_KeyedProcessOperator_f6dc7f4d2283f4605b127b9364e21148__16_16__uuid_0c527817-7dd9-4e2d-a711-ff5a86504b3d/db/000021.sst
32348682	rocksdb/job_ffb5e77c9bf8c5ec3ea6ef5c35c99297_op_KeyedProcessOperator_f6dc7f4d2283f4605b127b9364e21148__16_16__uuid_0c527817-7dd9-4e2d-a711-ff5a86504b3d/db/000022.sst
24087420	rocksdb/job_ffb5e77c9bf8c5ec3ea6ef5c35c99297_op_KeyedProcessOperator_f6dc7f4d2283f4605b127b9364e21148__16_16__uuid_0c527817-7dd9-4e2d-a711-ff5a86504b3d/db/000023.sst
68085544	rocksdb/job_ffb5e77c9bf8c5ec3ea6ef5c35c99297_op_KeyedProcessOperator_f6dc7f4d2283f4605b127b9364e21148__1_16__uuid_77e5093b-5e75-4981-a6f4-64b7eb260362/db/000018.sst
58461012	rocksdb/job_ffb5e77c9bf8c5ec3ea6ef5c35c99297_op_KeyedProcessOperator_f6dc7f4d2283f4605b127b9364e21148__1_16__uuid_77e5093b-5e75-4981-a6f4-64b7eb260362/db/000019.sst
32389266	rocksdb/job_ffb5e77c9bf8c5ec3ea6ef5c35c99297_op_KeyedProcessOperator_f6dc7f4d2283f4605b127b9364e21148__1_16__uuid_77e5093b-5e75-4981-a6f4-64b7eb260362/db/000020.sst
32367510	rocksdb/job_ffb5e77c9bf8c5ec3ea6ef5c35c99297_op_KeyedProcessOperator_f6dc7f4d2283f4605b127b9364e21148__1_16__uuid_77e5093b-5e75-4981-a6f4-64b7eb260362/db/000021.sst
32366459	rocksdb/job_ffb5e77c9bf8c5ec3ea6ef5c35c99297_op_KeyedProcessOperator_f6dc7f4d2283f4605b127b9364e21148__1_16__uuid_77e5093b-5e75-4981-a6f4-64b7eb260362/db/000022.sst
26176025	rocksdb/job_ffb5e77c9bf8c5ec3ea6ef5c35c99297_op_KeyedProcessOperator_f6dc7f4d2283f4605b127b9364e21148__1_16__uuid_77e5093b-5e75-4981-a6f4-64b7eb260362/db/000023.sst
68084048	rocksdb/job_ffb5e77c9bf8c5ec3ea6ef5c35c99297_op_KeyedProcessOperator_f6dc7f4d2283f4605b127b9364e21148__2_16__uuid_f0069dc9-61a5-4bc3-86c8-0cb17ca94a43/db/000018.sst
58498595	rocksdb/job_ffb5e77c9bf8c5ec3ea6ef5c35c99297_op_KeyedProcessOperator_f6dc7f4d2283f4605b127b9364e21148__2_16__uuid_f0069dc9-61a5-4bc3-86c8-0cb17ca94a43/db/000019.sst
32393048	rocksdb/job_ffb5e77c9bf8c5ec3ea6ef5c35c99297_op_KeyedProcessOperator_f6dc7f4d2283f4605b127b9364e21148__2_16__uuid_f0069dc9-61a5-4bc3-86c8-0cb17ca94a43/db/000020.sst
32357828	rocksdb/job_ffb5e77c9bf8c5ec3ea6ef5c35c99297_op_KeyedProcessOperator_f6dc7f4d2283f4605b127b9364e21148__2_16__uuid_f0069dc9-61a5-4bc3-86c8-0cb17ca94a43/db/000021.sst
32344510	rocksdb/job_ffb5e77c9bf8c5ec3ea6ef5c35c99297_op_KeyedProcessOperator_f6dc7f4d2283f4605b127b9364e21148__2_16__uuid_f0069dc9-61a5-4bc3-86c8-0cb17ca94a43/db/000022.sst
31419366	rocksdb/job_ffb5e77c9bf8c5ec3ea6ef5c35c99297_op_KeyedProcessOperator_f6dc7f4d2283f4605b127b9364e21148__2_16__uuid_f0069dc9-61a5-4bc3-86c8-0cb17ca94a43/db/000023.sst
68084470	rocksdb/job_ffb5e77c9bf8c5ec3ea6ef5c35c99297_op_KeyedProcessOperator_f6dc7f4d2283f4605b127b9364e21148__3_16__uuid_8c0793c5-626c-44ea-b74f-f70719eb611e/db/000018.sst
58502015	rocksdb/job_ffb5e77c9bf8c5ec3ea6ef5c35c99297_op_KeyedProcessOperator_f6dc7f4d2283f4605b127b9364e21148__3_16__uuid_8c0793c5-626c-44ea-b74f-f70719eb611e/db/000019.sst
32423012	rocksdb/job_ffb5e77c9bf8c5ec3ea6ef5c35c99297_op_KeyedProcessOperator_f6dc7f4d2283f4605b127b9364e21148__3_16__uuid_8c0793c5-626c-44ea-b74f-f70719eb611e/db/000020.sst
32357937	rocksdb/job_ffb5e77c9bf8c5ec3ea6ef5c35c99297_op_KeyedProcessOperator_f6dc7f4d2283f4605b127b9364e21148__3_16__uuid_8c0793c5-626c-44ea-b74f-f70719eb611e/db/000021.sst
32377447	rocksdb/job_ffb5e77c9bf8c5ec3ea6ef5c35c99297_op_KeyedProcessOperator_f6dc7f4d2283f4605b127b9364e21148__3_16__uuid_8c0793c5-626c-44ea-b74f-f70719eb611e/db/000022.sst
32309248	rocksdb/job_ffb5e77c9bf8c5ec3ea6ef5c35c99297_op_KeyedProcessOperator_f6dc7f4d2283f4605b127b9364e21148__3_16__uuid_8c0793c5-626c-44ea-b74f-f70719eb611e/db/000023.sst
68083366	rocksdb/job_ffb5e77c9bf8c5ec3ea6ef5c35c99297_op_KeyedProcessOperator_f6dc7f4d2283f4605b127b9364e21148__4_16__uuid_33c85290-e863-4a84-9a94-51acab2a0ee0/db/000018.sst
58472049	rocksdb/job_ffb5e77c9bf8c5ec3ea6ef5c35c99297_op_KeyedProcessOperator_f6dc7f4d2283f4605b127b9364e21148__4_16__uuid_33c85290-e863-4a84-9a94-51acab2a0ee0/db/000019.sst
32411200	rocksdb/job_ffb5e77c9bf8c5ec3ea6ef5c35c99297_op_KeyedProcessOperator_f6dc7f4d2283f4605b127b9364e21148__4_16__uuid_33c85290-e863-4a84-9a94-51acab2a0ee0/db/000020.sst
32371520	rocksdb/job_ffb5e77c9bf8c5ec3ea6ef5c35c99297_op_KeyedProcessOperator_f6dc7f4d2283f4605b127b9364e21148__4_16__uuid_33c85290-e863-4a84-9a94-51acab2a0ee0/db/000021.sst
32365118	rocksdb/job_ffb5e77c9bf8c5ec3ea6ef5c35c99297_op_KeyedProcessOperator_f6dc7f4d2283f4605b127b9364e21148__4_16__uuid_33c85290-e863-4a84-9a94-51acab2a0ee0/db/000022.sst
25131560	rocksdb/job_ffb5e77c9bf8c5ec3ea6ef5c35c99297_op_KeyedProcessOperator_f6dc7f4d2283f4605b127b9364e21148__4_16__uuid_33c85290-e863-4a84-9a94-51acab2a0ee0/db/000023.sst
68083423	rocksdb/job_ffb5e77c9bf8c5ec3ea6ef5c35c99297_op_KeyedProcessOperator_f6dc7f4d2283f4605b127b9364e21148__5_16__uuid_645f02d5-40aa-49f8-9c0c-425f59ee8cd8/db/000018.sst
32383448	rocksdb/job_ffb5e77c9bf8c5ec3ea6ef5c35c99297_op_KeyedProcessOperator_f6dc7f4d2283f4605b127b9364e21148__5_16__uuid_645f02d5-40aa-49f8-9c0c-425f59ee8cd8/db/000019.sst
58469037	rocksdb/job_ffb5e77c9bf8c5ec3ea6ef5c35c99297_op_KeyedProcessOperator_f6dc7f4d2283f4605b127b9364e21148__5_16__uuid_645f02d5-40aa-49f8-9c0c-425f59ee8cd8/db/000020.sst
32351355	rocksdb/job_ffb5e77c9bf8c5ec3ea6ef5c35c99297_op_KeyedProcessOperator_f6dc7f4d2283f4605b127b9364e21148__5_16__uuid_645f02d5-40aa-49f8-9c0c-425f59ee8cd8/db/000021.sst
32354519	rocksdb/job_ffb5e77c9bf8c5ec3ea6ef5c35c99297_op_KeyedProcessOperator_f6dc7f4d2283f4605b127b9364e21148__5_16__uuid_645f02d5-40aa-49f8-9c0c-425f59ee8cd8/db/000022.sst
68084076	rocksdb/job_ffb5e77c9bf8c5ec3ea6ef5c35c99297_op_KeyedProcessOperator_f6dc7f4d2283f4605b127b9364e21148__6_16__uuid_725c0ce6-349f-4df8-a742-4fa35938ca5b/db/000018.sst
58525346	rocksdb/job_ffb5e77c9bf8c5ec3ea6ef5c35c99297_op_KeyedProcessOperator_f6dc7f4d2283f4605b127b9364e21148__6_16__uuid_725c0ce6-349f-4df8-a742-4fa35938ca5b/db/000019.sst
32373321	rocksdb/job_ffb5e77c9bf8c5ec3ea6ef5c35c99297_op_KeyedProcessOperator_f6dc7f4d2283f4605b127b9364e21148__6_16__uuid_725c0ce6-349f-4df8-a742-4fa35938ca5b/db/000020.sst
32350940	rocksdb/job_ffb5e77c9bf8c5ec3ea6ef5c35c99297_op_KeyedProcessOperator_f6dc7f4d2283f4605b127b9364e21148__6_16__uuid_725c0ce6-349f-4df8-a742-4fa35938ca5b/db/000021.sst
32338804	rocksdb/job_ffb5e77c9bf8c5ec3ea6ef5c35c99297_op_KeyedProcessOperator_f6dc7f4d2283f4605b127b9364e21148__6_16__uuid_725c0ce6-349f-4df8-a742-4fa35938ca5b/db/000022.sst
2094504	rocksdb/job_ffb5e77c9bf8c5ec3ea6ef5c35c99297_op_KeyedProcessOperator_f6dc7f4d2283f4605b127b9364e21148__6_16__uuid_725c0ce6-349f-4df8-a742-4fa35938ca5b/db/000023.sst
68084192	rocksdb/job_ffb5e77c9bf8c5ec3ea6ef5c35c99297_op_KeyedProcessOperator_f6dc7f4d2283f4605b127b9364e21148__7_16__uuid_3f9d015e-6d6d-4bec-8ce3-44aabb4d18a9/db/000018.sst
32383538	rocksdb/job_ffb5e77c9bf8c5ec3ea6ef5c35c99297_op_KeyedProcessOperator_f6dc7f4d2283f4605b127b9364e21148__7_16__uuid_3f9d015e-6d6d-4bec-8ce3-44aabb4d18a9/db/000019.sst
58472828	rocksdb/job_ffb5e77c9bf8c5ec3ea6ef5c35c99297_op_KeyedProcessOperator_f6dc7f4d2283f4605b127b9364e21148__7_16__uuid_3f9d015e-6d6d-4bec-8ce3-44aabb4d18a9/db/000020.sst
32369351	rocksdb/job_ffb5e77c9bf8c5ec3ea6ef5c35c99297_op_KeyedProcessOperator_f6dc7f4d2283f4605b127b9364e21148__7_16__uuid_3f9d015e-6d6d-4bec-8ce3-44aabb4d18a9/db/000021.sst
32357208	rocksdb/job_ffb5e77c9bf8c5ec3ea6ef5c35c99297_op_KeyedProcessOperator_f6dc7f4d2283f4605b127b9364e21148__7_16__uuid_3f9d015e-6d6d-4bec-8ce3-44aabb4d18a9/db/000022.sst
68083324	rocksdb/job_ffb5e77c9bf8c5ec3ea6ef5c35c99297_op_KeyedProcessOperator_f6dc7f4d2283f4605b127b9364e21148__8_16__uuid_13026f11-d95b-42b6-85fc-857a34a3475f/db/000018.sst
58509965	rocksdb/job_ffb5e77c9bf8c5ec3ea6ef5c35c99297_op_KeyedProcessOperator_f6dc7f4d2283f4605b127b9364e21148__8_16__uuid_13026f11-d95b-42b6-85fc-857a34a3475f/db/000019.sst
32411812	rocksdb/job_ffb5e77c9bf8c5ec3ea6ef5c35c99297_op_KeyedProcessOperator_f6dc7f4d2283f4605b127b9364e21148__8_16__uuid_13026f11-d95b-42b6-85fc-857a34a3475f/db/000020.sst
32346313	rocksdb/job_ffb5e77c9bf8c5ec3ea6ef5c35c99297_op_KeyedProcessOperator_f6dc7f4d2283f4605b127b9364e21148__8_16__uuid_13026f11-d95b-42b6-85fc-857a34a3475f/db/000021.sst
32352141	rocksdb/job_ffb5e77c9bf8c5ec3ea6ef5c35c99297_op_KeyedProcessOperator_f6dc7f4d2283f4605b127b9364e21148__8_16__uuid_13026f11-d95b-42b6-85fc-857a34a3475f/db/000022.sst
68084234	rocksdb/job_ffb5e77c9bf8c5ec3ea6ef5c35c99297_op_KeyedProcessOperator_f6dc7f4d2283f4605b127b9364e21148__9_16__uuid_85599b2d-6495-4ea2-b1bd-6a39f227e3fd/db/000018.sst
58416197	rocksdb/job_ffb5e77c9bf8c5ec3ea6ef5c35c99297_op_KeyedProcessOperator_f6dc7f4d2283f4605b127b9364e21148__9_16__uuid_85599b2d-6495-4ea2-b1bd-6a39f227e3fd/db/000019.sst
32398313	rocksdb/job_ffb5e77c9bf8c5ec3ea6ef5c35c99297_op_KeyedProcessOperator_f6dc7f4d2283f4605b127b9364e21148__9_16__uuid_85599b2d-6495-4ea2-b1bd-6a39f227e3fd/db/000020.sst
32366135	rocksdb/job_ffb5e77c9bf8c5ec3ea6ef5c35c99297_op_KeyedProcessOperator_f6dc7f4d2283f4605b127b9364e21148__9_16__uuid_85599b2d-6495-4ea2-b1bd-6a39f227e3fd/db/000021.sst
32360019	rocksdb/job_ffb5e77c9bf8c5ec3ea6ef5c35c99297_op_KeyedProcessOperator_f6dc7f4d2283f4605b127b9364e21148__9_16__uuid_85599b2d-6495-4ea2-b1bd-6a39f227e3fd/db/000022.sst
