163134444	rocksdb/job_282caf7b7c32c48e71e19ab5f58402cd_op_KeyedProcessOperator_987497bfc681cca54be4ca4b6cce3386__10_16__uuid_b7fc8172-15fd-43c0-a044-40189b6dfb13/db/000014.sst
163136922	rocksdb/job_282caf7b7c32c48e71e19ab5f58402cd_op_KeyedProcessOperator_987497bfc681cca54be4ca4b6cce3386__11_16__uuid_5e7bf6f9-c3d8-4bc8-ba66-3d0e6022cddd/db/000014.sst
163140394	rocksdb/job_282caf7b7c32c48e71e19ab5f58402cd_op_KeyedProcessOperator_987497bfc681cca54be4ca4b6cce3386__12_16__uuid_181d8937-5683-4326-aac1-b4e472fd689f/db/000014.sst
163135740	rocksdb/job_282caf7b7c32c48e71e19ab5f58402cd_op_KeyedProcessOperator_987497bfc681cca54be4ca4b6cce3386__13_16__uuid_9f8f7502-bb6e-4ae1-95bf-478e995383ed/db/000014.sst
163128945	rocksdb/job_282caf7b7c32c48e71e19ab5f58402cd_op_KeyedProcessOperator_987497bfc681cca54be4ca4b6cce3386__14_16__uuid_20e11336-3436-45e3-b332-42589a5273f8/db/000014.sst
163132804	rocksdb/job_282caf7b7c32c48e71e19ab5f58402cd_op_KeyedProcessOperator_987497bfc681cca54be4ca4b6cce3386__15_16__uuid_150700eb-680c-4025-94d7-9a536320989d/db/000014.sst
163141873	rocksdb/job_282caf7b7c32c48e71e19ab5f58402cd_op_KeyedProcessOperator_987497bfc681cca54be4ca4b6cce3386__16_16__uuid_446a552a-1509-4ed5-a979-0457ec5bf925/db/000014.sst
163135699	rocksdb/job_282caf7b7c32c48e71e19ab5f58402cd_op_KeyedProcessOperator_987497bfc681cca54be4ca4b6cce3386__1_16__uuid_205fc333-d97f-4bac-8e9e-2c2c4504ac8d/db/000014.sst
163130636	rocksdb/job_282caf7b7c32c48e71e19ab5f58402cd_op_KeyedProcessOperator_987497bfc681cca54be4ca4b6cce3386__2_16__uuid_323ff1d8-a3e1-4999-a33e-59966bd0692f/db/000014.sst
163135710	rocksdb/job_282caf7b7c32c48e71e19ab5f58402cd_op_KeyedProcessOperator_987497bfc681cca54be4ca4b6cce3386__3_16__uuid_d7a6f41d-524b-497d-be54-5aaa2939f279/db/000014.sst
163132235	rocksdb/job_282caf7b7c32c48e71e19ab5f58402cd_op_KeyedProcessOperator_987497bfc681cca54be4ca4b6cce3386__4_16__uuid_db37b3e6-d5b4-4e6a-b162-2b21dabd7798/db/000014.sst
163135722	rocksdb/job_282caf7b7c32c48e71e19ab5f58402cd_op_KeyedProcessOperator_987497bfc681cca54be4ca4b6cce3386__5_16__uuid_925c3aa4-c9a4-4029-8579-8919044dbc4c/db/000014.sst
163136595	rocksdb/job_282caf7b7c32c48e71e19ab5f58402cd_op_KeyedProcessOperator_987497bfc681cca54be4ca4b6cce3386__6_16__uuid_e5cb9f0e-8da2-414f-8f43-413cd5296e49/db/000014.sst
163138088	rocksdb/job_282caf7b7c32c48e71e19ab5f58402cd_op_KeyedProcessOperator_987497bfc681cca54be4ca4b6cce3386__7_16__uuid_5067f4ca-cd8f-428f-89a0-a5723c56d873/db/000014.sst
163129990	rocksdb/job_282caf7b7c32c48e71e19ab5f58402cd_op_KeyedProcessOperator_987497bfc681cca54be4ca4b6cce3386__8_16__uuid_2556c6cf-20fb-45a6-b563-56e3390ab578/db/000014.sst
163135361	rocksdb/job_282caf7b7c32c48e71e19ab5f58402cd_op_KeyedProcessOperator_987497bfc681cca54be4ca4b6cce3386__9_16__uuid_1a03b6c2-ccd1-4223-ac28-642053286aec/db/000014.sst
161157183	rocksdb/job_282caf7b7c32c48e71e19ab5f58402cd_op_StreamingJoinOperator_29c6de9b0f6c5486908e9bb66a93ee45__10_16__uuid_5aeb9e11-0b35-49a2-b5e7-68225ad10160/db/000021.sst
270187613	rocksdb/job_282caf7b7c32c48e71e19ab5f58402cd_op_StreamingJoinOperator_29c6de9b0f6c5486908e9bb66a93ee45__10_16__uuid_5aeb9e11-0b35-49a2-b5e7-68225ad10160/db/000024.sst
270196796	rocksdb/job_282caf7b7c32c48e71e19ab5f58402cd_op_StreamingJoinOperator_29c6de9b0f6c5486908e9bb66a93ee45__10_16__uuid_5aeb9e11-0b35-49a2-b5e7-68225ad10160/db/000025.sst
270196998	rocksdb/job_282caf7b7c32c48e71e19ab5f58402cd_op_StreamingJoinOperator_29c6de9b0f6c5486908e9bb66a93ee45__10_16__uuid_5aeb9e11-0b35-49a2-b5e7-68225ad10160/db/000026.sst
270189250	rocksdb/job_282caf7b7c32c48e71e19ab5f58402cd_op_StreamingJoinOperator_29c6de9b0f6c5486908e9bb66a93ee45__10_16__uuid_5aeb9e11-0b35-49a2-b5e7-68225ad10160/db/000027.sst
4379475	rocksdb/job_282caf7b7c32c48e71e19ab5f58402cd_op_StreamingJoinOperator_29c6de9b0f6c5486908e9bb66a93ee45__10_16__uuid_5aeb9e11-0b35-49a2-b5e7-68225ad10160/db/000028.sst
135660309	rocksdb/job_282caf7b7c32c48e71e19ab5f58402cd_op_StreamingJoinOperator_29c6de9b0f6c5486908e9bb66a93ee45__10_16__uuid_5aeb9e11-0b35-49a2-b5e7-68225ad10160/db/000029.sst
161157155	rocksdb/job_282caf7b7c32c48e71e19ab5f58402cd_op_StreamingJoinOperator_29c6de9b0f6c5486908e9bb66a93ee45__11_16__uuid_da4ac56b-f473-4e27-86e7-347ed737685f/db/000021.sst
270192136	rocksdb/job_282caf7b7c32c48e71e19ab5f58402cd_op_StreamingJoinOperator_29c6de9b0f6c5486908e9bb66a93ee45__11_16__uuid_da4ac56b-f473-4e27-86e7-347ed737685f/db/000024.sst
270191185	rocksdb/job_282caf7b7c32c48e71e19ab5f58402cd_op_StreamingJoinOperator_29c6de9b0f6c5486908e9bb66a93ee45__11_16__uuid_da4ac56b-f473-4e27-86e7-347ed737685f/db/000025.sst
270183338	rocksdb/job_282caf7b7c32c48e71e19ab5f58402cd_op_StreamingJoinOperator_29c6de9b0f6c5486908e9bb66a93ee45__11_16__uuid_da4ac56b-f473-4e27-86e7-347ed737685f/db/000026.sst
270196344	rocksdb/job_282caf7b7c32c48e71e19ab5f58402cd_op_StreamingJoinOperator_29c6de9b0f6c5486908e9bb66a93ee45__11_16__uuid_da4ac56b-f473-4e27-86e7-347ed737685f/db/000027.sst
4982789	rocksdb/job_282caf7b7c32c48e71e19ab5f58402cd_op_StreamingJoinOperator_29c6de9b0f6c5486908e9bb66a93ee45__11_16__uuid_da4ac56b-f473-4e27-86e7-347ed737685f/db/000028.sst
135666498	rocksdb/job_282caf7b7c32c48e71e19ab5f58402cd_op_StreamingJoinOperator_29c6de9b0f6c5486908e9bb66a93ee45__11_16__uuid_da4ac56b-f473-4e27-86e7-347ed737685f/db/000029.sst
161155015	rocksdb/job_282caf7b7c32c48e71e19ab5f58402cd_op_StreamingJoinOperator_29c6de9b0f6c5486908e9bb66a93ee45__12_16__uuid_1ad4498f-9174-4bf9-988f-ee15c520c08b/db/000021.sst
270190584	rocksdb/job_282caf7b7c32c48e71e19ab5f58402cd_op_StreamingJoinOperator_29c6de9b0f6c5486908e9bb66a93ee45__12_16__uuid_1ad4498f-9174-4bf9-988f-ee15c520c08b/db/000024.sst
270192347	rocksdb/job_282caf7b7c32c48e71e19ab5f58402cd_op_StreamingJoinOperator_29c6de9b0f6c5486908e9bb66a93ee45__12_16__uuid_1ad4498f-9174-4bf9-988f-ee15c520c08b/db/000025.sst
270190715	rocksdb/job_282caf7b7c32c48e71e19ab5f58402cd_op_StreamingJoinOperator_29c6de9b0f6c5486908e9bb66a93ee45__12_16__uuid_1ad4498f-9174-4bf9-988f-ee15c520c08b/db/000026.sst
270190249	rocksdb/job_282caf7b7c32c48e71e19ab5f58402cd_op_StreamingJoinOperator_29c6de9b0f6c5486908e9bb66a93ee45__12_16__uuid_1ad4498f-9174-4bf9-988f-ee15c520c08b/db/000027.sst
4604986	rocksdb/job_282caf7b7c32c48e71e19ab5f58402cd_op_StreamingJoinOperator_29c6de9b0f6c5486908e9bb66a93ee45__12_16__uuid_1ad4498f-9174-4bf9-988f-ee15c520c08b/db/000028.sst
135601359	rocksdb/job_282caf7b7c32c48e71e19ab5f58402cd_op_StreamingJoinOperator_29c6de9b0f6c5486908e9bb66a93ee45__12_16__uuid_1ad4498f-9174-4bf9-988f-ee15c520c08b/db/000029.sst
161162158	rocksdb/job_282caf7b7c32c48e71e19ab5f58402cd_op_StreamingJoinOperator_29c6de9b0f6c5486908e9bb66a93ee45__13_16__uuid_1102dd50-fc35-40aa-b521-5c605178921e/db/000021.sst
270192836	rocksdb/job_282caf7b7c32c48e71e19ab5f58402cd_op_StreamingJoinOperator_29c6de9b0f6c5486908e9bb66a93ee45__13_16__uuid_1102dd50-fc35-40aa-b521-5c605178921e/db/000024.sst
270192010	rocksdb/job_282caf7b7c32c48e71e19ab5f58402cd_op_StreamingJoinOperator_29c6de9b0f6c5486908e9bb66a93ee45__13_16__uuid_1102dd50-fc35-40aa-b521-5c605178921e/db/000025.sst
270189987	rocksdb/job_282caf7b7c32c48e71e19ab5f58402cd_op_StreamingJoinOperator_29c6de9b0f6c5486908e9bb66a93ee45__13_16__uuid_1102dd50-fc35-40aa-b521-5c605178921e/db/000026.sst
270192956	rocksdb/job_282caf7b7c32c48e71e19ab5f58402cd_op_StreamingJoinOperator_29c6de9b0f6c5486908e9bb66a93ee45__13_16__uuid_1102dd50-fc35-40aa-b521-5c605178921e/db/000027.sst
4211638	rocksdb/job_282caf7b7c32c48e71e19ab5f58402cd_op_StreamingJoinOperator_29c6de9b0f6c5486908e9bb66a93ee45__13_16__uuid_1102dd50-fc35-40aa-b521-5c605178921e/db/000028.sst
135628260	rocksdb/job_282caf7b7c32c48e71e19ab5f58402cd_op_StreamingJoinOperator_29c6de9b0f6c5486908e9bb66a93ee45__13_16__uuid_1102dd50-fc35-40aa-b521-5c605178921e/db/000029.sst
270185415	rocksdb/job_282caf7b7c32c48e71e19ab5f58402cd_op_StreamingJoinOperator_29c6de9b0f6c5486908e9bb66a93ee45__14_16__uuid_25377d23-c5cd-4eaf-8ffa-68aa9dcec38c/db/000016.sst
270190998	rocksdb/job_282caf7b7c32c48e71e19ab5f58402cd_op_StreamingJoinOperator_29c6de9b0f6c5486908e9bb66a93ee45__14_16__uuid_25377d23-c5cd-4eaf-8ffa-68aa9dcec38c/db/000017.sst
2637830	rocksdb/job_282caf7b7c32c48e71e19ab5f58402cd_op_StreamingJoinOperator_29c6de9b0f6c5486908e9bb66a93ee45__14_16__uuid_25377d23-c5cd-4eaf-8ffa-68aa9dcec38c/db/000018.sst
135796503	rocksdb/job_282caf7b7c32c48e71e19ab5f58402cd_op_StreamingJoinOperator_29c6de9b0f6c5486908e9bb66a93ee45__14_16__uuid_25377d23-c5cd-4eaf-8ffa-68aa9dcec38c/db/000019.sst
135656265	rocksdb/job_282caf7b7c32c48e71e19ab5f58402cd_op_StreamingJoinOperator_29c6de9b0f6c5486908e9bb66a93ee45__14_16__uuid_25377d23-c5cd-4eaf-8ffa-68aa9dcec38c/db/000020.sst
161164014	rocksdb/job_282caf7b7c32c48e71e19ab5f58402cd_op_StreamingJoinOperator_29c6de9b0f6c5486908e9bb66a93ee45__14_16__uuid_25377d23-c5cd-4eaf-8ffa-68aa9dcec38c/db/000021.sst
135456398	rocksdb/job_282caf7b7c32c48e71e19ab5f58402cd_op_StreamingJoinOperator_29c6de9b0f6c5486908e9bb66a93ee45__14_16__uuid_25377d23-c5cd-4eaf-8ffa-68aa9dcec38c/db/000022.sst
135555872	rocksdb/job_282caf7b7c32c48e71e19ab5f58402cd_op_StreamingJoinOperator_29c6de9b0f6c5486908e9bb66a93ee45__14_16__uuid_25377d23-c5cd-4eaf-8ffa-68aa9dcec38c/db/000023.sst
270194190	rocksdb/job_282caf7b7c32c48e71e19ab5f58402cd_op_StreamingJoinOperator_29c6de9b0f6c5486908e9bb66a93ee45__14_16__uuid_25377d23-c5cd-4eaf-8ffa-68aa9dcec38c/db/000024.sst
270186915	rocksdb/job_282caf7b7c32c48e71e19ab5f58402cd_op_StreamingJoinOperator_29c6de9b0f6c5486908e9bb66a93ee45__14_16__uuid_25377d23-c5cd-4eaf-8ffa-68aa9dcec38c/db/000025.sst
270193408	rocksdb/job_282caf7b7c32c48e71e19ab5f58402cd_op_StreamingJoinOperator_29c6de9b0f6c5486908e9bb66a93ee45__14_16__uuid_25377d23-c5cd-4eaf-8ffa-68aa9dcec38c/db/000026.sst
270191620	rocksdb/job_282caf7b7c32c48e71e19ab5f58402cd_op_StreamingJoinOperator_29c6de9b0f6c5486908e9bb66a93ee45__14_16__uuid_25377d23-c5cd-4eaf-8ffa-68aa9dcec38c/db/000027.sst
135774960	rocksdb/job_282caf7b7c32c48e71e19ab5f58402cd_op_StreamingJoinOperator_29c6de9b0f6c5486908e9bb66a93ee45__14_16__uuid_25377d23-c5cd-4eaf-8ffa-68aa9dcec38c/db/000028.sst
161164323	rocksdb/job_282caf7b7c32c48e71e19ab5f58402cd_op_StreamingJoinOperator_29c6de9b0f6c5486908e9bb66a93ee45__15_16__uuid_63018042-0f31-4e94-a004-fcb0052bc2d2/db/000021.sst
270190548	rocksdb/job_282caf7b7c32c48e71e19ab5f58402cd_op_StreamingJoinOperator_29c6de9b0f6c5486908e9bb66a93ee45__15_16__uuid_63018042-0f31-4e94-a004-fcb0052bc2d2/db/000024.sst
270191680	rocksdb/job_282caf7b7c32c48e71e19ab5f58402cd_op_StreamingJoinOperator_29c6de9b0f6c5486908e9bb66a93ee45__15_16__uuid_63018042-0f31-4e94-a004-fcb0052bc2d2/db/000025.sst
270195811	rocksdb/job_282caf7b7c32c48e71e19ab5f58402cd_op_StreamingJoinOperator_29c6de9b0f6c5486908e9bb66a93ee45__15_16__uuid_63018042-0f31-4e94-a004-fcb0052bc2d2/db/000026.sst
270191010	rocksdb/job_282caf7b7c32c48e71e19ab5f58402cd_op_StreamingJoinOperator_29c6de9b0f6c5486908e9bb66a93ee45__15_16__uuid_63018042-0f31-4e94-a004-fcb0052bc2d2/db/000027.sst
4226541	rocksdb/job_282caf7b7c32c48e71e19ab5f58402cd_op_StreamingJoinOperator_29c6de9b0f6c5486908e9bb66a93ee45__15_16__uuid_63018042-0f31-4e94-a004-fcb0052bc2d2/db/000028.sst
135754661	rocksdb/job_282caf7b7c32c48e71e19ab5f58402cd_op_StreamingJoinOperator_29c6de9b0f6c5486908e9bb66a93ee45__15_16__uuid_63018042-0f31-4e94-a004-fcb0052bc2d2/db/000029.sst
270189647	rocksdb/job_282caf7b7c32c48e71e19ab5f58402cd_op_StreamingJoinOperator_29c6de9b0f6c5486908e9bb66a93ee45__16_16__uuid_15ef231e-0bf0-4d4b-9553-a8dad081abe6/db/000016.sst
270193759	rocksdb/job_282caf7b7c32c48e71e19ab5f58402cd_op_StreamingJoinOperator_29c6de9b0f6c5486908e9bb66a93ee45__16_16__uuid_15ef231e-0bf0-4d4b-9553-a8dad081abe6/db/000017.sst
2198634	rocksdb/job_282caf7b7c32c48e71e19ab5f58402cd_op_StreamingJoinOperator_29c6de9b0f6c5486908e9bb66a93ee45__16_16__uuid_15ef231e-0bf0-4d4b-9553-a8dad081abe6/db/000018.sst
135802571	rocksdb/job_282caf7b7c32c48e71e19ab5f58402cd_op_StreamingJoinOperator_29c6de9b0f6c5486908e9bb66a93ee45__16_16__uuid_15ef231e-0bf0-4d4b-9553-a8dad081abe6/db/000019.sst
135555777	rocksdb/job_282caf7b7c32c48e71e19ab5f58402cd_op_StreamingJoinOperator_29c6de9b0f6c5486908e9bb66a93ee45__16_16__uuid_15ef231e-0bf0-4d4b-9553-a8dad081abe6/db/000020.sst
161160542	rocksdb/job_282caf7b7c32c48e71e19ab5f58402cd_op_StreamingJoinOperator_29c6de9b0f6c5486908e9bb66a93ee45__16_16__uuid_15ef231e-0bf0-4d4b-9553-a8dad081abe6/db/000021.sst
135654982	rocksdb/job_282caf7b7c32c48e71e19ab5f58402cd_op_StreamingJoinOperator_29c6de9b0f6c5486908e9bb66a93ee45__16_16__uuid_15ef231e-0bf0-4d4b-9553-a8dad081abe6/db/000022.sst
135545318	rocksdb/job_282caf7b7c32c48e71e19ab5f58402cd_op_StreamingJoinOperator_29c6de9b0f6c5486908e9bb66a93ee45__16_16__uuid_15ef231e-0bf0-4d4b-9553-a8dad081abe6/db/000023.sst
270193279	rocksdb/job_282caf7b7c32c48e71e19ab5f58402cd_op_StreamingJoinOperator_29c6de9b0f6c5486908e9bb66a93ee45__16_16__uuid_15ef231e-0bf0-4d4b-9553-a8dad081abe6/db/000024.sst
270191942	rocksdb/job_282caf7b7c32c48e71e19ab5f58402cd_op_StreamingJoinOperator_29c6de9b0f6c5486908e9bb66a93ee45__16_16__uuid_15ef231e-0bf0-4d4b-9553-a8dad081abe6/db/000025.sst
270195254	rocksdb/job_282caf7b7c32c48e71e19ab5f58402cd_op_StreamingJoinOperator_29c6de9b0f6c5486908e9bb66a93ee45__16_16__uuid_15ef231e-0bf0-4d4b-9553-a8dad081abe6/db/000026.sst
270193634	rocksdb/job_282caf7b7c32c48e71e19ab5f58402cd_op_StreamingJoinOperator_29c6de9b0f6c5486908e9bb66a93ee45__16_16__uuid_15ef231e-0bf0-4d4b-9553-a8dad081abe6/db/000027.sst
135677647	rocksdb/job_282caf7b7c32c48e71e19ab5f58402cd_op_StreamingJoinOperator_29c6de9b0f6c5486908e9bb66a93ee45__16_16__uuid_15ef231e-0bf0-4d4b-9553-a8dad081abe6/db/000028.sst
0	rocksdb/job_282caf7b7c32c48e71e19ab5f58402cd_op_StreamingJoinOperator_29c6de9b0f6c5486908e9bb66a93ee45__16_16__uuid_15ef231e-0bf0-4d4b-9553-a8dad081abe6/db/000029.sst
270191929	rocksdb/job_282caf7b7c32c48e71e19ab5f58402cd_op_StreamingJoinOperator_29c6de9b0f6c5486908e9bb66a93ee45__1_16__uuid_cb419bad-65cb-4f1d-9812-a144438fdd37/db/000016.sst
270196397	rocksdb/job_282caf7b7c32c48e71e19ab5f58402cd_op_StreamingJoinOperator_29c6de9b0f6c5486908e9bb66a93ee45__1_16__uuid_cb419bad-65cb-4f1d-9812-a144438fdd37/db/000017.sst
2369472	rocksdb/job_282caf7b7c32c48e71e19ab5f58402cd_op_StreamingJoinOperator_29c6de9b0f6c5486908e9bb66a93ee45__1_16__uuid_cb419bad-65cb-4f1d-9812-a144438fdd37/db/000018.sst
135770548	rocksdb/job_282caf7b7c32c48e71e19ab5f58402cd_op_StreamingJoinOperator_29c6de9b0f6c5486908e9bb66a93ee45__1_16__uuid_cb419bad-65cb-4f1d-9812-a144438fdd37/db/000019.sst
135721444	rocksdb/job_282caf7b7c32c48e71e19ab5f58402cd_op_StreamingJoinOperator_29c6de9b0f6c5486908e9bb66a93ee45__1_16__uuid_cb419bad-65cb-4f1d-9812-a144438fdd37/db/000020.sst
161164392	rocksdb/job_282caf7b7c32c48e71e19ab5f58402cd_op_StreamingJoinOperator_29c6de9b0f6c5486908e9bb66a93ee45__1_16__uuid_cb419bad-65cb-4f1d-9812-a144438fdd37/db/000021.sst
135706020	rocksdb/job_282caf7b7c32c48e71e19ab5f58402cd_op_StreamingJoinOperator_29c6de9b0f6c5486908e9bb66a93ee45__1_16__uuid_cb419bad-65cb-4f1d-9812-a144438fdd37/db/000022.sst
135616588	rocksdb/job_282caf7b7c32c48e71e19ab5f58402cd_op_StreamingJoinOperator_29c6de9b0f6c5486908e9bb66a93ee45__1_16__uuid_cb419bad-65cb-4f1d-9812-a144438fdd37/db/000023.sst
270187367	rocksdb/job_282caf7b7c32c48e71e19ab5f58402cd_op_StreamingJoinOperator_29c6de9b0f6c5486908e9bb66a93ee45__1_16__uuid_cb419bad-65cb-4f1d-9812-a144438fdd37/db/000024.sst
270193159	rocksdb/job_282caf7b7c32c48e71e19ab5f58402cd_op_StreamingJoinOperator_29c6de9b0f6c5486908e9bb66a93ee45__1_16__uuid_cb419bad-65cb-4f1d-9812-a144438fdd37/db/000025.sst
270193569	rocksdb/job_282caf7b7c32c48e71e19ab5f58402cd_op_StreamingJoinOperator_29c6de9b0f6c5486908e9bb66a93ee45__1_16__uuid_cb419bad-65cb-4f1d-9812-a144438fdd37/db/000026.sst
270191070	rocksdb/job_282caf7b7c32c48e71e19ab5f58402cd_op_StreamingJoinOperator_29c6de9b0f6c5486908e9bb66a93ee45__1_16__uuid_cb419bad-65cb-4f1d-9812-a144438fdd37/db/000027.sst
135680590	rocksdb/job_282caf7b7c32c48e71e19ab5f58402cd_op_StreamingJoinOperator_29c6de9b0f6c5486908e9bb66a93ee45__1_16__uuid_cb419bad-65cb-4f1d-9812-a144438fdd37/db/000028.sst
161164731	rocksdb/job_282caf7b7c32c48e71e19ab5f58402cd_op_StreamingJoinOperator_29c6de9b0f6c5486908e9bb66a93ee45__2_16__uuid_c1ba4d94-393f-4a32-a7c7-42ca3d212c63/db/000021.sst
270194451	rocksdb/job_282caf7b7c32c48e71e19ab5f58402cd_op_StreamingJoinOperator_29c6de9b0f6c5486908e9bb66a93ee45__2_16__uuid_c1ba4d94-393f-4a32-a7c7-42ca3d212c63/db/000024.sst
270189586	rocksdb/job_282caf7b7c32c48e71e19ab5f58402cd_op_StreamingJoinOperator_29c6de9b0f6c5486908e9bb66a93ee45__2_16__uuid_c1ba4d94-393f-4a32-a7c7-42ca3d212c63/db/000025.sst
270192061	rocksdb/job_282caf7b7c32c48e71e19ab5f58402cd_op_StreamingJoinOperator_29c6de9b0f6c5486908e9bb66a93ee45__2_16__uuid_c1ba4d94-393f-4a32-a7c7-42ca3d212c63/db/000026.sst
270190704	rocksdb/job_282caf7b7c32c48e71e19ab5f58402cd_op_StreamingJoinOperator_29c6de9b0f6c5486908e9bb66a93ee45__2_16__uuid_c1ba4d94-393f-4a32-a7c7-42ca3d212c63/db/000027.sst
4089658	rocksdb/job_282caf7b7c32c48e71e19ab5f58402cd_op_StreamingJoinOperator_29c6de9b0f6c5486908e9bb66a93ee45__2_16__uuid_c1ba4d94-393f-4a32-a7c7-42ca3d212c63/db/000028.sst
135623979	rocksdb/job_282caf7b7c32c48e71e19ab5f58402cd_op_StreamingJoinOperator_29c6de9b0f6c5486908e9bb66a93ee45__2_16__uuid_c1ba4d94-393f-4a32-a7c7-42ca3d212c63/db/000029.sst
161158380	rocksdb/job_282caf7b7c32c48e71e19ab5f58402cd_op_StreamingJoinOperator_29c6de9b0f6c5486908e9bb66a93ee45__3_16__uuid_eca54908-571e-4b7d-ae9d-ade331c52fbf/db/000021.sst
270189845	rocksdb/job_282caf7b7c32c48e71e19ab5f58402cd_op_StreamingJoinOperator_29c6de9b0f6c5486908e9bb66a93ee45__3_16__uuid_eca54908-571e-4b7d-ae9d-ade331c52fbf/db/000024.sst
270194553	rocksdb/job_282caf7b7c32c48e71e19ab5f58402cd_op_StreamingJoinOperator_29c6de9b0f6c5486908e9bb66a93ee45__3_16__uuid_eca54908-571e-4b7d-ae9d-ade331c52fbf/db/000025.sst
270186792	rocksdb/job_282caf7b7c32c48e71e19ab5f58402cd_op_StreamingJoinOperator_29c6de9b0f6c5486908e9bb66a93ee45__3_16__uuid_eca54908-571e-4b7d-ae9d-ade331c52fbf/db/000026.sst
270187885	rocksdb/job_282caf7b7c32c48e71e19ab5f58402cd_op_StreamingJoinOperator_29c6de9b0f6c5486908e9bb66a93ee45__3_16__uuid_eca54908-571e-4b7d-ae9d-ade331c52fbf/db/000027.sst
4529784	rocksdb/job_282caf7b7c32c48e71e19ab5f58402cd_op_StreamingJoinOperator_29c6de9b0f6c5486908e9bb66a93ee45__3_16__uuid_eca54908-571e-4b7d-ae9d-ade331c52fbf/db/000028.sst
135676470	rocksdb/job_282caf7b7c32c48e71e19ab5f58402cd_op_StreamingJoinOperator_29c6de9b0f6c5486908e9bb66a93ee45__3_16__uuid_eca54908-571e-4b7d-ae9d-ade331c52fbf/db/000029.sst
161162240	rocksdb/job_282caf7b7c32c48e71e19ab5f58402cd_op_StreamingJoinOperator_29c6de9b0f6c5486908e9bb66a93ee45__4_16__uuid_4a46088a-9e34-43c8-b98d-45ba1bcd6eb7/db/000021.sst
270186147	rocksdb/job_282caf7b7c32c48e71e19ab5f58402cd_op_StreamingJoinOperator_29c6de9b0f6c5486908e9bb66a93ee45__4_16__uuid_4a46088a-9e34-43c8-b98d-45ba1bcd6eb7/db/000024.sst
270190830	rocksdb/job_282caf7b7c32c48e71e19ab5f58402cd_op_StreamingJoinOperator_29c6de9b0f6c5486908e9bb66a93ee45__4_16__uuid_4a46088a-9e34-43c8-b98d-45ba1bcd6eb7/db/000025.sst
270189928	rocksdb/job_282caf7b7c32c48e71e19ab5f58402cd_op_StreamingJoinOperator_29c6de9b0f6c5486908e9bb66a93ee45__4_16__uuid_4a46088a-9e34-43c8-b98d-45ba1bcd6eb7/db/000026.sst
270185836	rocksdb/job_282caf7b7c32c48e71e19ab5f58402cd_op_StreamingJoinOperator_29c6de9b0f6c5486908e9bb66a93ee45__4_16__uuid_4a46088a-9e34-43c8-b98d-45ba1bcd6eb7/db/000027.sst
5002937	rocksdb/job_282caf7b7c32c48e71e19ab5f58402cd_op_StreamingJoinOperator_29c6de9b0f6c5486908e9bb66a93ee45__4_16__uuid_4a46088a-9e34-43c8-b98d-45ba1bcd6eb7/db/000028.sst
270197689	rocksdb/job_282caf7b7c32c48e71e19ab5f58402cd_op_StreamingJoinOperator_29c6de9b0f6c5486908e9bb66a93ee45__5_16__uuid_4e2d31a9-e52f-4e6d-8b25-9de1caa663df/db/000016.sst
270194474	rocksdb/job_282caf7b7c32c48e71e19ab5f58402cd_op_StreamingJoinOperator_29c6de9b0f6c5486908e9bb66a93ee45__5_16__uuid_4e2d31a9-e52f-4e6d-8b25-9de1caa663df/db/000017.sst
2270354	rocksdb/job_282caf7b7c32c48e71e19ab5f58402cd_op_StreamingJoinOperator_29c6de9b0f6c5486908e9bb66a93ee45__5_16__uuid_4e2d31a9-e52f-4e6d-8b25-9de1caa663df/db/000018.sst
135812910	rocksdb/job_282caf7b7c32c48e71e19ab5f58402cd_op_StreamingJoinOperator_29c6de9b0f6c5486908e9bb66a93ee45__5_16__uuid_4e2d31a9-e52f-4e6d-8b25-9de1caa663df/db/000019.sst
135452108	rocksdb/job_282caf7b7c32c48e71e19ab5f58402cd_op_StreamingJoinOperator_29c6de9b0f6c5486908e9bb66a93ee45__5_16__uuid_4e2d31a9-e52f-4e6d-8b25-9de1caa663df/db/000020.sst
161162764	rocksdb/job_282caf7b7c32c48e71e19ab5f58402cd_op_StreamingJoinOperator_29c6de9b0f6c5486908e9bb66a93ee45__5_16__uuid_4e2d31a9-e52f-4e6d-8b25-9de1caa663df/db/000021.sst
135791568	rocksdb/job_282caf7b7c32c48e71e19ab5f58402cd_op_StreamingJoinOperator_29c6de9b0f6c5486908e9bb66a93ee45__5_16__uuid_4e2d31a9-e52f-4e6d-8b25-9de1caa663df/db/000022.sst
135718947	rocksdb/job_282caf7b7c32c48e71e19ab5f58402cd_op_StreamingJoinOperator_29c6de9b0f6c5486908e9bb66a93ee45__5_16__uuid_4e2d31a9-e52f-4e6d-8b25-9de1caa663df/db/000023.sst
270195827	rocksdb/job_282caf7b7c32c48e71e19ab5f58402cd_op_StreamingJoinOperator_29c6de9b0f6c5486908e9bb66a93ee45__5_16__uuid_4e2d31a9-e52f-4e6d-8b25-9de1caa663df/db/000024.sst
270198959	rocksdb/job_282caf7b7c32c48e71e19ab5f58402cd_op_StreamingJoinOperator_29c6de9b0f6c5486908e9bb66a93ee45__5_16__uuid_4e2d31a9-e52f-4e6d-8b25-9de1caa663df/db/000025.sst
270189175	rocksdb/job_282caf7b7c32c48e71e19ab5f58402cd_op_StreamingJoinOperator_29c6de9b0f6c5486908e9bb66a93ee45__5_16__uuid_4e2d31a9-e52f-4e6d-8b25-9de1caa663df/db/000026.sst
270183737	rocksdb/job_282caf7b7c32c48e71e19ab5f58402cd_op_StreamingJoinOperator_29c6de9b0f6c5486908e9bb66a93ee45__5_16__uuid_4e2d31a9-e52f-4e6d-8b25-9de1caa663df/db/000027.sst
135757583	rocksdb/job_282caf7b7c32c48e71e19ab5f58402cd_op_StreamingJoinOperator_29c6de9b0f6c5486908e9bb66a93ee45__5_16__uuid_4e2d31a9-e52f-4e6d-8b25-9de1caa663df/db/000028.sst
0	rocksdb/job_282caf7b7c32c48e71e19ab5f58402cd_op_StreamingJoinOperator_29c6de9b0f6c5486908e9bb66a93ee45__5_16__uuid_4e2d31a9-e52f-4e6d-8b25-9de1caa663df/db/000029.sst
270192103	rocksdb/job_282caf7b7c32c48e71e19ab5f58402cd_op_StreamingJoinOperator_29c6de9b0f6c5486908e9bb66a93ee45__6_16__uuid_f2a892c9-4195-4fce-accc-08856be6c08b/db/000016.sst
270190263	rocksdb/job_282caf7b7c32c48e71e19ab5f58402cd_op_StreamingJoinOperator_29c6de9b0f6c5486908e9bb66a93ee45__6_16__uuid_f2a892c9-4195-4fce-accc-08856be6c08b/db/000017.sst
2386543	rocksdb/job_282caf7b7c32c48e71e19ab5f58402cd_op_StreamingJoinOperator_29c6de9b0f6c5486908e9bb66a93ee45__6_16__uuid_f2a892c9-4195-4fce-accc-08856be6c08b/db/000018.sst
135537459	rocksdb/job_282caf7b7c32c48e71e19ab5f58402cd_op_StreamingJoinOperator_29c6de9b0f6c5486908e9bb66a93ee45__6_16__uuid_f2a892c9-4195-4fce-accc-08856be6c08b/db/000019.sst
135574503	rocksdb/job_282caf7b7c32c48e71e19ab5f58402cd_op_StreamingJoinOperator_29c6de9b0f6c5486908e9bb66a93ee45__6_16__uuid_f2a892c9-4195-4fce-accc-08856be6c08b/db/000020.sst
161172690	rocksdb/job_282caf7b7c32c48e71e19ab5f58402cd_op_StreamingJoinOperator_29c6de9b0f6c5486908e9bb66a93ee45__6_16__uuid_f2a892c9-4195-4fce-accc-08856be6c08b/db/000021.sst
135883572	rocksdb/job_282caf7b7c32c48e71e19ab5f58402cd_op_StreamingJoinOperator_29c6de9b0f6c5486908e9bb66a93ee45__6_16__uuid_f2a892c9-4195-4fce-accc-08856be6c08b/db/000022.sst
135886550	rocksdb/job_282caf7b7c32c48e71e19ab5f58402cd_op_StreamingJoinOperator_29c6de9b0f6c5486908e9bb66a93ee45__6_16__uuid_f2a892c9-4195-4fce-accc-08856be6c08b/db/000023.sst
270194966	rocksdb/job_282caf7b7c32c48e71e19ab5f58402cd_op_StreamingJoinOperator_29c6de9b0f6c5486908e9bb66a93ee45__6_16__uuid_f2a892c9-4195-4fce-accc-08856be6c08b/db/000024.sst
270198221	rocksdb/job_282caf7b7c32c48e71e19ab5f58402cd_op_StreamingJoinOperator_29c6de9b0f6c5486908e9bb66a93ee45__6_16__uuid_f2a892c9-4195-4fce-accc-08856be6c08b/db/000025.sst
270194823	rocksdb/job_282caf7b7c32c48e71e19ab5f58402cd_op_StreamingJoinOperator_29c6de9b0f6c5486908e9bb66a93ee45__6_16__uuid_f2a892c9-4195-4fce-accc-08856be6c08b/db/000026.sst
270194814	rocksdb/job_282caf7b7c32c48e71e19ab5f58402cd_op_StreamingJoinOperator_29c6de9b0f6c5486908e9bb66a93ee45__6_16__uuid_f2a892c9-4195-4fce-accc-08856be6c08b/db/000027.sst
135509959	rocksdb/job_282caf7b7c32c48e71e19ab5f58402cd_op_StreamingJoinOperator_29c6de9b0f6c5486908e9bb66a93ee45__6_16__uuid_f2a892c9-4195-4fce-accc-08856be6c08b/db/000028.sst
161158453	rocksdb/job_282caf7b7c32c48e71e19ab5f58402cd_op_StreamingJoinOperator_29c6de9b0f6c5486908e9bb66a93ee45__7_16__uuid_0323ffb0-0018-4c74-b0ce-34590c9d2b23/db/000021.sst
270190666	rocksdb/job_282caf7b7c32c48e71e19ab5f58402cd_op_StreamingJoinOperator_29c6de9b0f6c5486908e9bb66a93ee45__7_16__uuid_0323ffb0-0018-4c74-b0ce-34590c9d2b23/db/000024.sst
270184764	rocksdb/job_282caf7b7c32c48e71e19ab5f58402cd_op_StreamingJoinOperator_29c6de9b0f6c5486908e9bb66a93ee45__7_16__uuid_0323ffb0-0018-4c74-b0ce-34590c9d2b23/db/000025.sst
270194867	rocksdb/job_282caf7b7c32c48e71e19ab5f58402cd_op_StreamingJoinOperator_29c6de9b0f6c5486908e9bb66a93ee45__7_16__uuid_0323ffb0-0018-4c74-b0ce-34590c9d2b23/db/000026.sst
270196552	rocksdb/job_282caf7b7c32c48e71e19ab5f58402cd_op_StreamingJoinOperator_29c6de9b0f6c5486908e9bb66a93ee45__7_16__uuid_0323ffb0-0018-4c74-b0ce-34590c9d2b23/db/000027.sst
4321114	rocksdb/job_282caf7b7c32c48e71e19ab5f58402cd_op_StreamingJoinOperator_29c6de9b0f6c5486908e9bb66a93ee45__7_16__uuid_0323ffb0-0018-4c74-b0ce-34590c9d2b23/db/000028.sst
135556366	rocksdb/job_282caf7b7c32c48e71e19ab5f58402cd_op_StreamingJoinOperator_29c6de9b0f6c5486908e9bb66a93ee45__7_16__uuid_0323ffb0-0018-4c74-b0ce-34590c9d2b23/db/000029.sst
161163168	rocksdb/job_282caf7b7c32c48e71e19ab5f58402cd_op_StreamingJoinOperator_29c6de9b0f6c5486908e9bb66a93ee45__8_16__uuid_1c809682-3247-40a0-90ce-4017893c7ad1/db/000021.sst
270192301	rocksdb/job_282caf7b7c32c48e71e19ab5f58402cd_op_StreamingJoinOperator_29c6de9b0f6c5486908e9bb66a93ee45__8_16__uuid_1c809682-3247-40a0-90ce-4017893c7ad1/db/000024.sst
270194750	rocksdb/job_282caf7b7c32c48e71e19ab5f58402cd_op_StreamingJoinOperator_29c6de9b0f6c5486908e9bb66a93ee45__8_16__uuid_1c809682-3247-40a0-90ce-4017893c7ad1/db/000025.sst
270194149	rocksdb/job_282caf7b7c32c48e71e19ab5f58402cd_op_StreamingJoinOperator_29c6de9b0f6c5486908e9bb66a93ee45__8_16__uuid_1c809682-3247-40a0-90ce-4017893c7ad1/db/000026.sst
270193872	rocksdb/job_282caf7b7c32c48e71e19ab5f58402cd_op_StreamingJoinOperator_29c6de9b0f6c5486908e9bb66a93ee45__8_16__uuid_1c809682-3247-40a0-90ce-4017893c7ad1/db/000027.sst
4052862	rocksdb/job_282caf7b7c32c48e71e19ab5f58402cd_op_StreamingJoinOperator_29c6de9b0f6c5486908e9bb66a93ee45__8_16__uuid_1c809682-3247-40a0-90ce-4017893c7ad1/db/000028.sst
135813031	rocksdb/job_282caf7b7c32c48e71e19ab5f58402cd_op_StreamingJoinOperator_29c6de9b0f6c5486908e9bb66a93ee45__8_16__uuid_1c809682-3247-40a0-90ce-4017893c7ad1/db/000029.sst
270196496	rocksdb/job_282caf7b7c32c48e71e19ab5f58402cd_op_StreamingJoinOperator_29c6de9b0f6c5486908e9bb66a93ee45__9_16__uuid_555b0004-fb29-4bc9-aae8-d278910f740f/db/000016.sst
270185936	rocksdb/job_282caf7b7c32c48e71e19ab5f58402cd_op_StreamingJoinOperator_29c6de9b0f6c5486908e9bb66a93ee45__9_16__uuid_555b0004-fb29-4bc9-aae8-d278910f740f/db/000017.sst
2431882	rocksdb/job_282caf7b7c32c48e71e19ab5f58402cd_op_StreamingJoinOperator_29c6de9b0f6c5486908e9bb66a93ee45__9_16__uuid_555b0004-fb29-4bc9-aae8-d278910f740f/db/000018.sst
135578482	rocksdb/job_282caf7b7c32c48e71e19ab5f58402cd_op_StreamingJoinOperator_29c6de9b0f6c5486908e9bb66a93ee45__9_16__uuid_555b0004-fb29-4bc9-aae8-d278910f740f/db/000019.sst
135705275	rocksdb/job_282caf7b7c32c48e71e19ab5f58402cd_op_StreamingJoinOperator_29c6de9b0f6c5486908e9bb66a93ee45__9_16__uuid_555b0004-fb29-4bc9-aae8-d278910f740f/db/000020.sst
161165886	rocksdb/job_282caf7b7c32c48e71e19ab5f58402cd_op_StreamingJoinOperator_29c6de9b0f6c5486908e9bb66a93ee45__9_16__uuid_555b0004-fb29-4bc9-aae8-d278910f740f/db/000021.sst
135767439	rocksdb/job_282caf7b7c32c48e71e19ab5f58402cd_op_StreamingJoinOperator_29c6de9b0f6c5486908e9bb66a93ee45__9_16__uuid_555b0004-fb29-4bc9-aae8-d278910f740f/db/000022.sst
135930141	rocksdb/job_282caf7b7c32c48e71e19ab5f58402cd_op_StreamingJoinOperator_29c6de9b0f6c5486908e9bb66a93ee45__9_16__uuid_555b0004-fb29-4bc9-aae8-d278910f740f/db/000023.sst
270197299	rocksdb/job_282caf7b7c32c48e71e19ab5f58402cd_op_StreamingJoinOperator_29c6de9b0f6c5486908e9bb66a93ee45__9_16__uuid_555b0004-fb29-4bc9-aae8-d278910f740f/db/000024.sst
270186131	rocksdb/job_282caf7b7c32c48e71e19ab5f58402cd_op_StreamingJoinOperator_29c6de9b0f6c5486908e9bb66a93ee45__9_16__uuid_555b0004-fb29-4bc9-aae8-d278910f740f/db/000025.sst
270190132	rocksdb/job_282caf7b7c32c48e71e19ab5f58402cd_op_StreamingJoinOperator_29c6de9b0f6c5486908e9bb66a93ee45__9_16__uuid_555b0004-fb29-4bc9-aae8-d278910f740f/db/000026.sst
270187728	rocksdb/job_282caf7b7c32c48e71e19ab5f58402cd_op_StreamingJoinOperator_29c6de9b0f6c5486908e9bb66a93ee45__9_16__uuid_555b0004-fb29-4bc9-aae8-d278910f740f/db/000027.sst
135706877	rocksdb/job_282caf7b7c32c48e71e19ab5f58402cd_op_StreamingJoinOperator_29c6de9b0f6c5486908e9bb66a93ee45__9_16__uuid_555b0004-fb29-4bc9-aae8-d278910f740f/db/000028.sst
4976809	rocksdb/job_282caf7b7c32c48e71e19ab5f58402cd_op_StreamingJoinOperator_29c6de9b0f6c5486908e9bb66a93ee45__9_16__uuid_555b0004-fb29-4bc9-aae8-d278910f740f/db/000029.sst
