2683572	rocksdb/job_3a4854c4730cdd1841b7a0029c8b6dbc_op_AggregateWindowOperator_f6dc7f4d2283f4605b127b9364e21148__10_16__uuid_9854962e-9ce1-40e3-81fb-32392306d902/db/000048.sst
2011428	rocksdb/job_3a4854c4730cdd1841b7a0029c8b6dbc_op_AggregateWindowOperator_f6dc7f4d2283f4605b127b9364e21148__10_16__uuid_9854962e-9ce1-40e3-81fb-32392306d902/db/000050.sst
1195024	rocksdb/job_3a4854c4730cdd1841b7a0029c8b6dbc_op_AggregateWindowOperator_f6dc7f4d2283f4605b127b9364e21148__10_16__uuid_9854962e-9ce1-40e3-81fb-32392306d902/db/000051.sst
1115459	rocksdb/job_3a4854c4730cdd1841b7a0029c8b6dbc_op_AggregateWindowOperator_f6dc7f4d2283f4605b127b9364e21148__10_16__uuid_9854962e-9ce1-40e3-81fb-32392306d902/db/000052.sst
1252117	rocksdb/job_3a4854c4730cdd1841b7a0029c8b6dbc_op_AggregateWindowOperator_f6dc7f4d2283f4605b127b9364e21148__10_16__uuid_9854962e-9ce1-40e3-81fb-32392306d902/db/000053.sst
2702691	rocksdb/job_3a4854c4730cdd1841b7a0029c8b6dbc_op_AggregateWindowOperator_f6dc7f4d2283f4605b127b9364e21148__11_16__uuid_abaa41ad-7289-484b-aabb-c451214062e5/db/000048.sst
2025535	rocksdb/job_3a4854c4730cdd1841b7a0029c8b6dbc_op_AggregateWindowOperator_f6dc7f4d2283f4605b127b9364e21148__11_16__uuid_abaa41ad-7289-484b-aabb-c451214062e5/db/000050.sst
1186288	rocksdb/job_3a4854c4730cdd1841b7a0029c8b6dbc_op_AggregateWindowOperator_f6dc7f4d2283f4605b127b9364e21148__11_16__uuid_abaa41ad-7289-484b-aabb-c451214062e5/db/000051.sst
1202081	rocksdb/job_3a4854c4730cdd1841b7a0029c8b6dbc_op_AggregateWindowOperator_f6dc7f4d2283f4605b127b9364e21148__11_16__uuid_abaa41ad-7289-484b-aabb-c451214062e5/db/000052.sst
1163603	rocksdb/job_3a4854c4730cdd1841b7a0029c8b6dbc_op_AggregateWindowOperator_f6dc7f4d2283f4605b127b9364e21148__11_16__uuid_abaa41ad-7289-484b-aabb-c451214062e5/db/000053.sst
2740699	rocksdb/job_3a4854c4730cdd1841b7a0029c8b6dbc_op_AggregateWindowOperator_f6dc7f4d2283f4605b127b9364e21148__12_16__uuid_43cbae5c-091b-40ad-8730-2ffca1300536/db/000048.sst
2047209	rocksdb/job_3a4854c4730cdd1841b7a0029c8b6dbc_op_AggregateWindowOperator_f6dc7f4d2283f4605b127b9364e21148__12_16__uuid_43cbae5c-091b-40ad-8730-2ffca1300536/db/000050.sst
1175537	rocksdb/job_3a4854c4730cdd1841b7a0029c8b6dbc_op_AggregateWindowOperator_f6dc7f4d2283f4605b127b9364e21148__12_16__uuid_43cbae5c-091b-40ad-8730-2ffca1300536/db/000051.sst
1122116	rocksdb/job_3a4854c4730cdd1841b7a0029c8b6dbc_op_AggregateWindowOperator_f6dc7f4d2283f4605b127b9364e21148__12_16__uuid_43cbae5c-091b-40ad-8730-2ffca1300536/db/000052.sst
2652267	rocksdb/job_3a4854c4730cdd1841b7a0029c8b6dbc_op_AggregateWindowOperator_f6dc7f4d2283f4605b127b9364e21148__13_16__uuid_842aa9a4-3582-4a0c-aa61-2b068a0b3c95/db/000048.sst
1993772	rocksdb/job_3a4854c4730cdd1841b7a0029c8b6dbc_op_AggregateWindowOperator_f6dc7f4d2283f4605b127b9364e21148__13_16__uuid_842aa9a4-3582-4a0c-aa61-2b068a0b3c95/db/000050.sst
1167132	rocksdb/job_3a4854c4730cdd1841b7a0029c8b6dbc_op_AggregateWindowOperator_f6dc7f4d2283f4605b127b9364e21148__13_16__uuid_842aa9a4-3582-4a0c-aa61-2b068a0b3c95/db/000051.sst
1065096	rocksdb/job_3a4854c4730cdd1841b7a0029c8b6dbc_op_AggregateWindowOperator_f6dc7f4d2283f4605b127b9364e21148__13_16__uuid_842aa9a4-3582-4a0c-aa61-2b068a0b3c95/db/000052.sst
1090099	rocksdb/job_3a4854c4730cdd1841b7a0029c8b6dbc_op_AggregateWindowOperator_f6dc7f4d2283f4605b127b9364e21148__13_16__uuid_842aa9a4-3582-4a0c-aa61-2b068a0b3c95/db/000053.sst
2656836	rocksdb/job_3a4854c4730cdd1841b7a0029c8b6dbc_op_AggregateWindowOperator_f6dc7f4d2283f4605b127b9364e21148__14_16__uuid_854d37ba-155c-4827-ad33-d292393942a2/db/000048.sst
2001573	rocksdb/job_3a4854c4730cdd1841b7a0029c8b6dbc_op_AggregateWindowOperator_f6dc7f4d2283f4605b127b9364e21148__14_16__uuid_854d37ba-155c-4827-ad33-d292393942a2/db/000050.sst
1081898	rocksdb/job_3a4854c4730cdd1841b7a0029c8b6dbc_op_AggregateWindowOperator_f6dc7f4d2283f4605b127b9364e21148__14_16__uuid_854d37ba-155c-4827-ad33-d292393942a2/db/000051.sst
1078539	rocksdb/job_3a4854c4730cdd1841b7a0029c8b6dbc_op_AggregateWindowOperator_f6dc7f4d2283f4605b127b9364e21148__14_16__uuid_854d37ba-155c-4827-ad33-d292393942a2/db/000052.sst
1319497	rocksdb/job_3a4854c4730cdd1841b7a0029c8b6dbc_op_AggregateWindowOperator_f6dc7f4d2283f4605b127b9364e21148__14_16__uuid_854d37ba-155c-4827-ad33-d292393942a2/db/000053.sst
2700551	rocksdb/job_3a4854c4730cdd1841b7a0029c8b6dbc_op_AggregateWindowOperator_f6dc7f4d2283f4605b127b9364e21148__15_16__uuid_cc8a1b82-ffdb-454b-8dd3-6ed2aaa400ba/db/000048.sst
2019241	rocksdb/job_3a4854c4730cdd1841b7a0029c8b6dbc_op_AggregateWindowOperator_f6dc7f4d2283f4605b127b9364e21148__15_16__uuid_cc8a1b82-ffdb-454b-8dd3-6ed2aaa400ba/db/000050.sst
1417568	rocksdb/job_3a4854c4730cdd1841b7a0029c8b6dbc_op_AggregateWindowOperator_f6dc7f4d2283f4605b127b9364e21148__15_16__uuid_cc8a1b82-ffdb-454b-8dd3-6ed2aaa400ba/db/000051.sst
1303633	rocksdb/job_3a4854c4730cdd1841b7a0029c8b6dbc_op_AggregateWindowOperator_f6dc7f4d2283f4605b127b9364e21148__15_16__uuid_cc8a1b82-ffdb-454b-8dd3-6ed2aaa400ba/db/000052.sst
2080860	rocksdb/job_3a4854c4730cdd1841b7a0029c8b6dbc_op_AggregateWindowOperator_f6dc7f4d2283f4605b127b9364e21148__16_16__uuid_971cd86d-7a7a-4933-b03f-5cd3904a04ab/db/000048.sst
2801900	rocksdb/job_3a4854c4730cdd1841b7a0029c8b6dbc_op_AggregateWindowOperator_f6dc7f4d2283f4605b127b9364e21148__16_16__uuid_971cd86d-7a7a-4933-b03f-5cd3904a04ab/db/000050.sst
1139126	rocksdb/job_3a4854c4730cdd1841b7a0029c8b6dbc_op_AggregateWindowOperator_f6dc7f4d2283f4605b127b9364e21148__16_16__uuid_971cd86d-7a7a-4933-b03f-5cd3904a04ab/db/000051.sst
1105448	rocksdb/job_3a4854c4730cdd1841b7a0029c8b6dbc_op_AggregateWindowOperator_f6dc7f4d2283f4605b127b9364e21148__16_16__uuid_971cd86d-7a7a-4933-b03f-5cd3904a04ab/db/000052.sst
2717216	rocksdb/job_3a4854c4730cdd1841b7a0029c8b6dbc_op_AggregateWindowOperator_f6dc7f4d2283f4605b127b9364e21148__1_16__uuid_69960273-fd94-4cd0-9f55-fcc45c00a6aa/db/000048.sst
2012210	rocksdb/job_3a4854c4730cdd1841b7a0029c8b6dbc_op_AggregateWindowOperator_f6dc7f4d2283f4605b127b9364e21148__1_16__uuid_69960273-fd94-4cd0-9f55-fcc45c00a6aa/db/000050.sst
1265884	rocksdb/job_3a4854c4730cdd1841b7a0029c8b6dbc_op_AggregateWindowOperator_f6dc7f4d2283f4605b127b9364e21148__1_16__uuid_69960273-fd94-4cd0-9f55-fcc45c00a6aa/db/000051.sst
1173303	rocksdb/job_3a4854c4730cdd1841b7a0029c8b6dbc_op_AggregateWindowOperator_f6dc7f4d2283f4605b127b9364e21148__1_16__uuid_69960273-fd94-4cd0-9f55-fcc45c00a6aa/db/000052.sst
1133405	rocksdb/job_3a4854c4730cdd1841b7a0029c8b6dbc_op_AggregateWindowOperator_f6dc7f4d2283f4605b127b9364e21148__1_16__uuid_69960273-fd94-4cd0-9f55-fcc45c00a6aa/db/000053.sst
2736006	rocksdb/job_3a4854c4730cdd1841b7a0029c8b6dbc_op_AggregateWindowOperator_f6dc7f4d2283f4605b127b9364e21148__2_16__uuid_0446e238-fe19-42d9-b9a4-6ba9f10870ad/db/000048.sst
2021486	rocksdb/job_3a4854c4730cdd1841b7a0029c8b6dbc_op_AggregateWindowOperator_f6dc7f4d2283f4605b127b9364e21148__2_16__uuid_0446e238-fe19-42d9-b9a4-6ba9f10870ad/db/000050.sst
1208587	rocksdb/job_3a4854c4730cdd1841b7a0029c8b6dbc_op_AggregateWindowOperator_f6dc7f4d2283f4605b127b9364e21148__2_16__uuid_0446e238-fe19-42d9-b9a4-6ba9f10870ad/db/000051.sst
1126316	rocksdb/job_3a4854c4730cdd1841b7a0029c8b6dbc_op_AggregateWindowOperator_f6dc7f4d2283f4605b127b9364e21148__2_16__uuid_0446e238-fe19-42d9-b9a4-6ba9f10870ad/db/000052.sst
1168171	rocksdb/job_3a4854c4730cdd1841b7a0029c8b6dbc_op_AggregateWindowOperator_f6dc7f4d2283f4605b127b9364e21148__2_16__uuid_0446e238-fe19-42d9-b9a4-6ba9f10870ad/db/000053.sst
2096861	rocksdb/job_3a4854c4730cdd1841b7a0029c8b6dbc_op_AggregateWindowOperator_f6dc7f4d2283f4605b127b9364e21148__3_16__uuid_d5cdbcc4-42fe-46b7-9b92-8749c4862d20/db/000048.sst
2863559	rocksdb/job_3a4854c4730cdd1841b7a0029c8b6dbc_op_AggregateWindowOperator_f6dc7f4d2283f4605b127b9364e21148__3_16__uuid_d5cdbcc4-42fe-46b7-9b92-8749c4862d20/db/000050.sst
1128816	rocksdb/job_3a4854c4730cdd1841b7a0029c8b6dbc_op_AggregateWindowOperator_f6dc7f4d2283f4605b127b9364e21148__3_16__uuid_d5cdbcc4-42fe-46b7-9b92-8749c4862d20/db/000051.sst
1071079	rocksdb/job_3a4854c4730cdd1841b7a0029c8b6dbc_op_AggregateWindowOperator_f6dc7f4d2283f4605b127b9364e21148__3_16__uuid_d5cdbcc4-42fe-46b7-9b92-8749c4862d20/db/000052.sst
2056648	rocksdb/job_3a4854c4730cdd1841b7a0029c8b6dbc_op_AggregateWindowOperator_f6dc7f4d2283f4605b127b9364e21148__4_16__uuid_a1298d70-ad48-4ce7-a4aa-8338b62ae697/db/000048.sst
2791518	rocksdb/job_3a4854c4730cdd1841b7a0029c8b6dbc_op_AggregateWindowOperator_f6dc7f4d2283f4605b127b9364e21148__4_16__uuid_a1298d70-ad48-4ce7-a4aa-8338b62ae697/db/000050.sst
1185890	rocksdb/job_3a4854c4730cdd1841b7a0029c8b6dbc_op_AggregateWindowOperator_f6dc7f4d2283f4605b127b9364e21148__4_16__uuid_a1298d70-ad48-4ce7-a4aa-8338b62ae697/db/000051.sst
1194606	rocksdb/job_3a4854c4730cdd1841b7a0029c8b6dbc_op_AggregateWindowOperator_f6dc7f4d2283f4605b127b9364e21148__4_16__uuid_a1298d70-ad48-4ce7-a4aa-8338b62ae697/db/000052.sst
2742105	rocksdb/job_3a4854c4730cdd1841b7a0029c8b6dbc_op_AggregateWindowOperator_f6dc7f4d2283f4605b127b9364e21148__5_16__uuid_871ab0a3-0dc4-45d9-9cc7-d79e66cd26c4/db/000048.sst
2050490	rocksdb/job_3a4854c4730cdd1841b7a0029c8b6dbc_op_AggregateWindowOperator_f6dc7f4d2283f4605b127b9364e21148__5_16__uuid_871ab0a3-0dc4-45d9-9cc7-d79e66cd26c4/db/000050.sst
1142821	rocksdb/job_3a4854c4730cdd1841b7a0029c8b6dbc_op_AggregateWindowOperator_f6dc7f4d2283f4605b127b9364e21148__5_16__uuid_871ab0a3-0dc4-45d9-9cc7-d79e66cd26c4/db/000051.sst
1079742	rocksdb/job_3a4854c4730cdd1841b7a0029c8b6dbc_op_AggregateWindowOperator_f6dc7f4d2283f4605b127b9364e21148__5_16__uuid_871ab0a3-0dc4-45d9-9cc7-d79e66cd26c4/db/000052.sst
2677429	rocksdb/job_3a4854c4730cdd1841b7a0029c8b6dbc_op_AggregateWindowOperator_f6dc7f4d2283f4605b127b9364e21148__6_16__uuid_f625f502-a3d5-43c8-a0b1-70203825586a/db/000048.sst
2008269	rocksdb/job_3a4854c4730cdd1841b7a0029c8b6dbc_op_AggregateWindowOperator_f6dc7f4d2283f4605b127b9364e21148__6_16__uuid_f625f502-a3d5-43c8-a0b1-70203825586a/db/000050.sst
1144244	rocksdb/job_3a4854c4730cdd1841b7a0029c8b6dbc_op_AggregateWindowOperator_f6dc7f4d2283f4605b127b9364e21148__6_16__uuid_f625f502-a3d5-43c8-a0b1-70203825586a/db/000051.sst
1034814	rocksdb/job_3a4854c4730cdd1841b7a0029c8b6dbc_op_AggregateWindowOperator_f6dc7f4d2283f4605b127b9364e21148__6_16__uuid_f625f502-a3d5-43c8-a0b1-70203825586a/db/000052.sst
1259489	rocksdb/job_3a4854c4730cdd1841b7a0029c8b6dbc_op_AggregateWindowOperator_f6dc7f4d2283f4605b127b9364e21148__6_16__uuid_f625f502-a3d5-43c8-a0b1-70203825586a/db/000053.sst
2773423	rocksdb/job_3a4854c4730cdd1841b7a0029c8b6dbc_op_AggregateWindowOperator_f6dc7f4d2283f4605b127b9364e21148__7_16__uuid_517f4021-36fe-49f6-aaa2-41ad4b5e1644/db/000048.sst
2068804	rocksdb/job_3a4854c4730cdd1841b7a0029c8b6dbc_op_AggregateWindowOperator_f6dc7f4d2283f4605b127b9364e21148__7_16__uuid_517f4021-36fe-49f6-aaa2-41ad4b5e1644/db/000050.sst
1284167	rocksdb/job_3a4854c4730cdd1841b7a0029c8b6dbc_op_AggregateWindowOperator_f6dc7f4d2283f4605b127b9364e21148__7_16__uuid_517f4021-36fe-49f6-aaa2-41ad4b5e1644/db/000051.sst
1150680	rocksdb/job_3a4854c4730cdd1841b7a0029c8b6dbc_op_AggregateWindowOperator_f6dc7f4d2283f4605b127b9364e21148__7_16__uuid_517f4021-36fe-49f6-aaa2-41ad4b5e1644/db/000052.sst
2729328	rocksdb/job_3a4854c4730cdd1841b7a0029c8b6dbc_op_AggregateWindowOperator_f6dc7f4d2283f4605b127b9364e21148__8_16__uuid_72383a17-4f6d-4727-9299-9d8bc9879b17/db/000048.sst
2046576	rocksdb/job_3a4854c4730cdd1841b7a0029c8b6dbc_op_AggregateWindowOperator_f6dc7f4d2283f4605b127b9364e21148__8_16__uuid_72383a17-4f6d-4727-9299-9d8bc9879b17/db/000050.sst
1112769	rocksdb/job_3a4854c4730cdd1841b7a0029c8b6dbc_op_AggregateWindowOperator_f6dc7f4d2283f4605b127b9364e21148__8_16__uuid_72383a17-4f6d-4727-9299-9d8bc9879b17/db/000051.sst
1079260	rocksdb/job_3a4854c4730cdd1841b7a0029c8b6dbc_op_AggregateWindowOperator_f6dc7f4d2283f4605b127b9364e21148__8_16__uuid_72383a17-4f6d-4727-9299-9d8bc9879b17/db/000052.sst
2763169	rocksdb/job_3a4854c4730cdd1841b7a0029c8b6dbc_op_AggregateWindowOperator_f6dc7f4d2283f4605b127b9364e21148__9_16__uuid_0fe0d1b6-b837-4033-bed9-6b428d69a38c/db/000048.sst
2064529	rocksdb/job_3a4854c4730cdd1841b7a0029c8b6dbc_op_AggregateWindowOperator_f6dc7f4d2283f4605b127b9364e21148__9_16__uuid_0fe0d1b6-b837-4033-bed9-6b428d69a38c/db/000050.sst
1131829	rocksdb/job_3a4854c4730cdd1841b7a0029c8b6dbc_op_AggregateWindowOperator_f6dc7f4d2283f4605b127b9364e21148__9_16__uuid_0fe0d1b6-b837-4033-bed9-6b428d69a38c/db/000051.sst
1057610	rocksdb/job_3a4854c4730cdd1841b7a0029c8b6dbc_op_AggregateWindowOperator_f6dc7f4d2283f4605b127b9364e21148__9_16__uuid_0fe0d1b6-b837-4033-bed9-6b428d69a38c/db/000052.sst
