5704748	rocksdb/job_d1a7e090b62f2f9c1133a468e7b7a530_op_KeyedProcessOperator_e70ba309e25939b3e897cd6ab78da6d6__10_16__uuid_206d5780-2c67-47d8-94c7-26b70885f458/db/000022.sst
5706784	rocksdb/job_d1a7e090b62f2f9c1133a468e7b7a530_op_KeyedProcessOperator_e70ba309e25939b3e897cd6ab78da6d6__11_16__uuid_f8a400eb-cbd4-4f57-b992-e3c3b051b150/db/000022.sst
5709239	rocksdb/job_d1a7e090b62f2f9c1133a468e7b7a530_op_KeyedProcessOperator_e70ba309e25939b3e897cd6ab78da6d6__12_16__uuid_fbd8f122-d20b-4ace-a323-2bdc9f5c7cc0/db/000022.sst
5708320	rocksdb/job_d1a7e090b62f2f9c1133a468e7b7a530_op_KeyedProcessOperator_e70ba309e25939b3e897cd6ab78da6d6__13_16__uuid_ea035640-d605-4580-b778-e8b1bba35270/db/000022.sst
5707468	rocksdb/job_d1a7e090b62f2f9c1133a468e7b7a530_op_KeyedProcessOperator_e70ba309e25939b3e897cd6ab78da6d6__14_16__uuid_79aeb5bf-ca09-440f-92e9-c58534eff593/db/000022.sst
5706582	rocksdb/job_d1a7e090b62f2f9c1133a468e7b7a530_op_KeyedProcessOperator_e70ba309e25939b3e897cd6ab78da6d6__15_16__uuid_97606c1c-6804-459b-a693-cba1a1aefa7a/db/000022.sst
5707834	rocksdb/job_d1a7e090b62f2f9c1133a468e7b7a530_op_KeyedProcessOperator_e70ba309e25939b3e897cd6ab78da6d6__16_16__uuid_ee762696-e741-435f-94f8-9ebc54307f88/db/000022.sst
5711688	rocksdb/job_d1a7e090b62f2f9c1133a468e7b7a530_op_KeyedProcessOperator_e70ba309e25939b3e897cd6ab78da6d6__1_16__uuid_11c94f0d-0b69-4a97-b794-9750b9184b6b/db/000022.sst
5709651	rocksdb/job_d1a7e090b62f2f9c1133a468e7b7a530_op_KeyedProcessOperator_e70ba309e25939b3e897cd6ab78da6d6__1_16__uuid_11c94f0d-0b69-4a97-b794-9750b9184b6b/db/000023.sst
5703757	rocksdb/job_d1a7e090b62f2f9c1133a468e7b7a530_op_KeyedProcessOperator_e70ba309e25939b3e897cd6ab78da6d6__2_16__uuid_46b1b0e7-664e-4264-8591-41b698257a47/db/000022.sst
5709872	rocksdb/job_d1a7e090b62f2f9c1133a468e7b7a530_op_KeyedProcessOperator_e70ba309e25939b3e897cd6ab78da6d6__3_16__uuid_2f8614e6-c57a-4730-a0f6-7464687b5996/db/000022.sst
5710472	rocksdb/job_d1a7e090b62f2f9c1133a468e7b7a530_op_KeyedProcessOperator_e70ba309e25939b3e897cd6ab78da6d6__4_16__uuid_847d155a-4a49-4dea-b5f3-599faa90b41d/db/000022.sst
5706322	rocksdb/job_d1a7e090b62f2f9c1133a468e7b7a530_op_KeyedProcessOperator_e70ba309e25939b3e897cd6ab78da6d6__5_16__uuid_36bf39f5-ed9f-4e8b-ba4e-5e448e8344da/db/000022.sst
5701831	rocksdb/job_d1a7e090b62f2f9c1133a468e7b7a530_op_KeyedProcessOperator_e70ba309e25939b3e897cd6ab78da6d6__6_16__uuid_a3860db8-5907-4d01-bdd0-189e988aa991/db/000022.sst
5705410	rocksdb/job_d1a7e090b62f2f9c1133a468e7b7a530_op_KeyedProcessOperator_e70ba309e25939b3e897cd6ab78da6d6__7_16__uuid_ed460029-d117-4622-b0b4-096a739b8724/db/000022.sst
5706343	rocksdb/job_d1a7e090b62f2f9c1133a468e7b7a530_op_KeyedProcessOperator_e70ba309e25939b3e897cd6ab78da6d6__8_16__uuid_098d095d-611e-4dd5-a775-94d1e27e0042/db/000022.sst
5708382	rocksdb/job_d1a7e090b62f2f9c1133a468e7b7a530_op_KeyedProcessOperator_e70ba309e25939b3e897cd6ab78da6d6__9_16__uuid_c43877cb-b9fe-42b2-ac58-0dc1be6fbb45/db/000022.sst
