163133819	rocksdb/job_e55300c8367a780868c8bc0aeeeb386e_op_KeyedProcessOperator_987497bfc681cca54be4ca4b6cce3386__10_16__uuid_84e5bae9-b935-4a33-8cbb-5cbe977557ed/db/000014.sst
163135705	rocksdb/job_e55300c8367a780868c8bc0aeeeb386e_op_KeyedProcessOperator_987497bfc681cca54be4ca4b6cce3386__11_16__uuid_805cf036-18da-4aef-bb47-5cd3be573d6b/db/000014.sst
163131183	rocksdb/job_e55300c8367a780868c8bc0aeeeb386e_op_KeyedProcessOperator_987497bfc681cca54be4ca4b6cce3386__12_16__uuid_c81b72fa-e526-4919-919f-22a3471ced4b/db/000014.sst
163133748	rocksdb/job_e55300c8367a780868c8bc0aeeeb386e_op_KeyedProcessOperator_987497bfc681cca54be4ca4b6cce3386__13_16__uuid_36069e27-140e-4d6c-9ae3-f0174ba932b0/db/000014.sst
163130362	rocksdb/job_e55300c8367a780868c8bc0aeeeb386e_op_KeyedProcessOperator_987497bfc681cca54be4ca4b6cce3386__14_16__uuid_7a05f89d-df27-4a04-b4f3-e34e0962b5dc/db/000014.sst
163133257	rocksdb/job_e55300c8367a780868c8bc0aeeeb386e_op_KeyedProcessOperator_987497bfc681cca54be4ca4b6cce3386__15_16__uuid_38faaec4-1642-4bff-9f62-b6c54028089b/db/000014.sst
163134162	rocksdb/job_e55300c8367a780868c8bc0aeeeb386e_op_KeyedProcessOperator_987497bfc681cca54be4ca4b6cce3386__16_16__uuid_b985dc60-f82e-4d06-8252-f667ab689857/db/000014.sst
163133520	rocksdb/job_e55300c8367a780868c8bc0aeeeb386e_op_KeyedProcessOperator_987497bfc681cca54be4ca4b6cce3386__1_16__uuid_ed58565a-35d1-434a-91ec-3a0167975765/db/000014.sst
163139368	rocksdb/job_e55300c8367a780868c8bc0aeeeb386e_op_KeyedProcessOperator_987497bfc681cca54be4ca4b6cce3386__2_16__uuid_5bb26cc7-92a5-4dc6-98de-39bdd32d88b8/db/000014.sst
163137805	rocksdb/job_e55300c8367a780868c8bc0aeeeb386e_op_KeyedProcessOperator_987497bfc681cca54be4ca4b6cce3386__3_16__uuid_3ae528d4-ee37-4f26-be02-a715a49deb9a/db/000014.sst
163138145	rocksdb/job_e55300c8367a780868c8bc0aeeeb386e_op_KeyedProcessOperator_987497bfc681cca54be4ca4b6cce3386__4_16__uuid_9c7704e1-7549-4221-a9ed-fe8990b4258c/db/000014.sst
163131185	rocksdb/job_e55300c8367a780868c8bc0aeeeb386e_op_KeyedProcessOperator_987497bfc681cca54be4ca4b6cce3386__5_16__uuid_786812b1-8412-4fc6-b416-72a6d754c848/db/000014.sst
163129888	rocksdb/job_e55300c8367a780868c8bc0aeeeb386e_op_KeyedProcessOperator_987497bfc681cca54be4ca4b6cce3386__6_16__uuid_4d6c7cc8-ff12-48d5-a6ed-6bca3f6b2f7d/db/000014.sst
163131951	rocksdb/job_e55300c8367a780868c8bc0aeeeb386e_op_KeyedProcessOperator_987497bfc681cca54be4ca4b6cce3386__7_16__uuid_b95bd56b-560d-4249-b680-8b97f4e8c173/db/000014.sst
163132458	rocksdb/job_e55300c8367a780868c8bc0aeeeb386e_op_KeyedProcessOperator_987497bfc681cca54be4ca4b6cce3386__8_16__uuid_b6fe8d0d-38c3-4b9f-883a-eae2efdaae93/db/000014.sst
163140663	rocksdb/job_e55300c8367a780868c8bc0aeeeb386e_op_KeyedProcessOperator_987497bfc681cca54be4ca4b6cce3386__9_16__uuid_b5d3b5ba-6af0-44af-99c2-db4efc43250d/db/000014.sst
270191852	rocksdb/job_e55300c8367a780868c8bc0aeeeb386e_op_StreamingJoinOperator_29c6de9b0f6c5486908e9bb66a93ee45__10_16__uuid_1072f63f-da5b-4120-b982-2dab8d1d1ab8/db/000016.sst
270192911	rocksdb/job_e55300c8367a780868c8bc0aeeeb386e_op_StreamingJoinOperator_29c6de9b0f6c5486908e9bb66a93ee45__10_16__uuid_1072f63f-da5b-4120-b982-2dab8d1d1ab8/db/000017.sst
2072829	rocksdb/job_e55300c8367a780868c8bc0aeeeb386e_op_StreamingJoinOperator_29c6de9b0f6c5486908e9bb66a93ee45__10_16__uuid_1072f63f-da5b-4120-b982-2dab8d1d1ab8/db/000018.sst
135715801	rocksdb/job_e55300c8367a780868c8bc0aeeeb386e_op_StreamingJoinOperator_29c6de9b0f6c5486908e9bb66a93ee45__10_16__uuid_1072f63f-da5b-4120-b982-2dab8d1d1ab8/db/000019.sst
135639958	rocksdb/job_e55300c8367a780868c8bc0aeeeb386e_op_StreamingJoinOperator_29c6de9b0f6c5486908e9bb66a93ee45__10_16__uuid_1072f63f-da5b-4120-b982-2dab8d1d1ab8/db/000020.sst
161162639	rocksdb/job_e55300c8367a780868c8bc0aeeeb386e_op_StreamingJoinOperator_29c6de9b0f6c5486908e9bb66a93ee45__10_16__uuid_1072f63f-da5b-4120-b982-2dab8d1d1ab8/db/000021.sst
135714127	rocksdb/job_e55300c8367a780868c8bc0aeeeb386e_op_StreamingJoinOperator_29c6de9b0f6c5486908e9bb66a93ee45__10_16__uuid_1072f63f-da5b-4120-b982-2dab8d1d1ab8/db/000022.sst
135677525	rocksdb/job_e55300c8367a780868c8bc0aeeeb386e_op_StreamingJoinOperator_29c6de9b0f6c5486908e9bb66a93ee45__10_16__uuid_1072f63f-da5b-4120-b982-2dab8d1d1ab8/db/000023.sst
270195828	rocksdb/job_e55300c8367a780868c8bc0aeeeb386e_op_StreamingJoinOperator_29c6de9b0f6c5486908e9bb66a93ee45__10_16__uuid_1072f63f-da5b-4120-b982-2dab8d1d1ab8/db/000024.sst
270193007	rocksdb/job_e55300c8367a780868c8bc0aeeeb386e_op_StreamingJoinOperator_29c6de9b0f6c5486908e9bb66a93ee45__10_16__uuid_1072f63f-da5b-4120-b982-2dab8d1d1ab8/db/000025.sst
270189130	rocksdb/job_e55300c8367a780868c8bc0aeeeb386e_op_StreamingJoinOperator_29c6de9b0f6c5486908e9bb66a93ee45__10_16__uuid_1072f63f-da5b-4120-b982-2dab8d1d1ab8/db/000026.sst
270190553	rocksdb/job_e55300c8367a780868c8bc0aeeeb386e_op_StreamingJoinOperator_29c6de9b0f6c5486908e9bb66a93ee45__10_16__uuid_1072f63f-da5b-4120-b982-2dab8d1d1ab8/db/000027.sst
270198666	rocksdb/job_e55300c8367a780868c8bc0aeeeb386e_op_StreamingJoinOperator_29c6de9b0f6c5486908e9bb66a93ee45__11_16__uuid_30b42c73-b0f5-4769-a734-849228096adf/db/000016.sst
270188138	rocksdb/job_e55300c8367a780868c8bc0aeeeb386e_op_StreamingJoinOperator_29c6de9b0f6c5486908e9bb66a93ee45__11_16__uuid_30b42c73-b0f5-4769-a734-849228096adf/db/000017.sst
2265317	rocksdb/job_e55300c8367a780868c8bc0aeeeb386e_op_StreamingJoinOperator_29c6de9b0f6c5486908e9bb66a93ee45__11_16__uuid_30b42c73-b0f5-4769-a734-849228096adf/db/000018.sst
136003882	rocksdb/job_e55300c8367a780868c8bc0aeeeb386e_op_StreamingJoinOperator_29c6de9b0f6c5486908e9bb66a93ee45__11_16__uuid_30b42c73-b0f5-4769-a734-849228096adf/db/000019.sst
135914060	rocksdb/job_e55300c8367a780868c8bc0aeeeb386e_op_StreamingJoinOperator_29c6de9b0f6c5486908e9bb66a93ee45__11_16__uuid_30b42c73-b0f5-4769-a734-849228096adf/db/000020.sst
161162077	rocksdb/job_e55300c8367a780868c8bc0aeeeb386e_op_StreamingJoinOperator_29c6de9b0f6c5486908e9bb66a93ee45__11_16__uuid_30b42c73-b0f5-4769-a734-849228096adf/db/000021.sst
135555338	rocksdb/job_e55300c8367a780868c8bc0aeeeb386e_op_StreamingJoinOperator_29c6de9b0f6c5486908e9bb66a93ee45__11_16__uuid_30b42c73-b0f5-4769-a734-849228096adf/db/000022.sst
135521091	rocksdb/job_e55300c8367a780868c8bc0aeeeb386e_op_StreamingJoinOperator_29c6de9b0f6c5486908e9bb66a93ee45__11_16__uuid_30b42c73-b0f5-4769-a734-849228096adf/db/000023.sst
270189734	rocksdb/job_e55300c8367a780868c8bc0aeeeb386e_op_StreamingJoinOperator_29c6de9b0f6c5486908e9bb66a93ee45__11_16__uuid_30b42c73-b0f5-4769-a734-849228096adf/db/000024.sst
270192440	rocksdb/job_e55300c8367a780868c8bc0aeeeb386e_op_StreamingJoinOperator_29c6de9b0f6c5486908e9bb66a93ee45__11_16__uuid_30b42c73-b0f5-4769-a734-849228096adf/db/000025.sst
270190769	rocksdb/job_e55300c8367a780868c8bc0aeeeb386e_op_StreamingJoinOperator_29c6de9b0f6c5486908e9bb66a93ee45__11_16__uuid_30b42c73-b0f5-4769-a734-849228096adf/db/000026.sst
270194564	rocksdb/job_e55300c8367a780868c8bc0aeeeb386e_op_StreamingJoinOperator_29c6de9b0f6c5486908e9bb66a93ee45__12_16__uuid_9322e184-e7ca-453d-8ab0-e158fc3b018e/db/000016.sst
270199297	rocksdb/job_e55300c8367a780868c8bc0aeeeb386e_op_StreamingJoinOperator_29c6de9b0f6c5486908e9bb66a93ee45__12_16__uuid_9322e184-e7ca-453d-8ab0-e158fc3b018e/db/000017.sst
2104873	rocksdb/job_e55300c8367a780868c8bc0aeeeb386e_op_StreamingJoinOperator_29c6de9b0f6c5486908e9bb66a93ee45__12_16__uuid_9322e184-e7ca-453d-8ab0-e158fc3b018e/db/000018.sst
135597806	rocksdb/job_e55300c8367a780868c8bc0aeeeb386e_op_StreamingJoinOperator_29c6de9b0f6c5486908e9bb66a93ee45__12_16__uuid_9322e184-e7ca-453d-8ab0-e158fc3b018e/db/000019.sst
135699323	rocksdb/job_e55300c8367a780868c8bc0aeeeb386e_op_StreamingJoinOperator_29c6de9b0f6c5486908e9bb66a93ee45__12_16__uuid_9322e184-e7ca-453d-8ab0-e158fc3b018e/db/000020.sst
161160603	rocksdb/job_e55300c8367a780868c8bc0aeeeb386e_op_StreamingJoinOperator_29c6de9b0f6c5486908e9bb66a93ee45__12_16__uuid_9322e184-e7ca-453d-8ab0-e158fc3b018e/db/000021.sst
135701074	rocksdb/job_e55300c8367a780868c8bc0aeeeb386e_op_StreamingJoinOperator_29c6de9b0f6c5486908e9bb66a93ee45__12_16__uuid_9322e184-e7ca-453d-8ab0-e158fc3b018e/db/000022.sst
135831260	rocksdb/job_e55300c8367a780868c8bc0aeeeb386e_op_StreamingJoinOperator_29c6de9b0f6c5486908e9bb66a93ee45__12_16__uuid_9322e184-e7ca-453d-8ab0-e158fc3b018e/db/000023.sst
270193579	rocksdb/job_e55300c8367a780868c8bc0aeeeb386e_op_StreamingJoinOperator_29c6de9b0f6c5486908e9bb66a93ee45__12_16__uuid_9322e184-e7ca-453d-8ab0-e158fc3b018e/db/000024.sst
270190869	rocksdb/job_e55300c8367a780868c8bc0aeeeb386e_op_StreamingJoinOperator_29c6de9b0f6c5486908e9bb66a93ee45__12_16__uuid_9322e184-e7ca-453d-8ab0-e158fc3b018e/db/000025.sst
270191774	rocksdb/job_e55300c8367a780868c8bc0aeeeb386e_op_StreamingJoinOperator_29c6de9b0f6c5486908e9bb66a93ee45__12_16__uuid_9322e184-e7ca-453d-8ab0-e158fc3b018e/db/000026.sst
270191133	rocksdb/job_e55300c8367a780868c8bc0aeeeb386e_op_StreamingJoinOperator_29c6de9b0f6c5486908e9bb66a93ee45__12_16__uuid_9322e184-e7ca-453d-8ab0-e158fc3b018e/db/000027.sst
270196002	rocksdb/job_e55300c8367a780868c8bc0aeeeb386e_op_StreamingJoinOperator_29c6de9b0f6c5486908e9bb66a93ee45__13_16__uuid_0f454192-08ba-43a9-8df1-ab49586e9a25/db/000016.sst
270198180	rocksdb/job_e55300c8367a780868c8bc0aeeeb386e_op_StreamingJoinOperator_29c6de9b0f6c5486908e9bb66a93ee45__13_16__uuid_0f454192-08ba-43a9-8df1-ab49586e9a25/db/000017.sst
2354739	rocksdb/job_e55300c8367a780868c8bc0aeeeb386e_op_StreamingJoinOperator_29c6de9b0f6c5486908e9bb66a93ee45__13_16__uuid_0f454192-08ba-43a9-8df1-ab49586e9a25/db/000018.sst
135520899	rocksdb/job_e55300c8367a780868c8bc0aeeeb386e_op_StreamingJoinOperator_29c6de9b0f6c5486908e9bb66a93ee45__13_16__uuid_0f454192-08ba-43a9-8df1-ab49586e9a25/db/000019.sst
135574396	rocksdb/job_e55300c8367a780868c8bc0aeeeb386e_op_StreamingJoinOperator_29c6de9b0f6c5486908e9bb66a93ee45__13_16__uuid_0f454192-08ba-43a9-8df1-ab49586e9a25/db/000020.sst
161165645	rocksdb/job_e55300c8367a780868c8bc0aeeeb386e_op_StreamingJoinOperator_29c6de9b0f6c5486908e9bb66a93ee45__13_16__uuid_0f454192-08ba-43a9-8df1-ab49586e9a25/db/000021.sst
135600994	rocksdb/job_e55300c8367a780868c8bc0aeeeb386e_op_StreamingJoinOperator_29c6de9b0f6c5486908e9bb66a93ee45__13_16__uuid_0f454192-08ba-43a9-8df1-ab49586e9a25/db/000022.sst
135650769	rocksdb/job_e55300c8367a780868c8bc0aeeeb386e_op_StreamingJoinOperator_29c6de9b0f6c5486908e9bb66a93ee45__13_16__uuid_0f454192-08ba-43a9-8df1-ab49586e9a25/db/000023.sst
270192264	rocksdb/job_e55300c8367a780868c8bc0aeeeb386e_op_StreamingJoinOperator_29c6de9b0f6c5486908e9bb66a93ee45__13_16__uuid_0f454192-08ba-43a9-8df1-ab49586e9a25/db/000024.sst
270192479	rocksdb/job_e55300c8367a780868c8bc0aeeeb386e_op_StreamingJoinOperator_29c6de9b0f6c5486908e9bb66a93ee45__13_16__uuid_0f454192-08ba-43a9-8df1-ab49586e9a25/db/000025.sst
270192191	rocksdb/job_e55300c8367a780868c8bc0aeeeb386e_op_StreamingJoinOperator_29c6de9b0f6c5486908e9bb66a93ee45__13_16__uuid_0f454192-08ba-43a9-8df1-ab49586e9a25/db/000026.sst
270191931	rocksdb/job_e55300c8367a780868c8bc0aeeeb386e_op_StreamingJoinOperator_29c6de9b0f6c5486908e9bb66a93ee45__13_16__uuid_0f454192-08ba-43a9-8df1-ab49586e9a25/db/000027.sst
270190419	rocksdb/job_e55300c8367a780868c8bc0aeeeb386e_op_StreamingJoinOperator_29c6de9b0f6c5486908e9bb66a93ee45__14_16__uuid_947114a3-44b8-4cca-b92f-9ef93479a4bf/db/000016.sst
270194738	rocksdb/job_e55300c8367a780868c8bc0aeeeb386e_op_StreamingJoinOperator_29c6de9b0f6c5486908e9bb66a93ee45__14_16__uuid_947114a3-44b8-4cca-b92f-9ef93479a4bf/db/000017.sst
2562059	rocksdb/job_e55300c8367a780868c8bc0aeeeb386e_op_StreamingJoinOperator_29c6de9b0f6c5486908e9bb66a93ee45__14_16__uuid_947114a3-44b8-4cca-b92f-9ef93479a4bf/db/000018.sst
135808663	rocksdb/job_e55300c8367a780868c8bc0aeeeb386e_op_StreamingJoinOperator_29c6de9b0f6c5486908e9bb66a93ee45__14_16__uuid_947114a3-44b8-4cca-b92f-9ef93479a4bf/db/000019.sst
135678307	rocksdb/job_e55300c8367a780868c8bc0aeeeb386e_op_StreamingJoinOperator_29c6de9b0f6c5486908e9bb66a93ee45__14_16__uuid_947114a3-44b8-4cca-b92f-9ef93479a4bf/db/000020.sst
161167423	rocksdb/job_e55300c8367a780868c8bc0aeeeb386e_op_StreamingJoinOperator_29c6de9b0f6c5486908e9bb66a93ee45__14_16__uuid_947114a3-44b8-4cca-b92f-9ef93479a4bf/db/000021.sst
135520789	rocksdb/job_e55300c8367a780868c8bc0aeeeb386e_op_StreamingJoinOperator_29c6de9b0f6c5486908e9bb66a93ee45__14_16__uuid_947114a3-44b8-4cca-b92f-9ef93479a4bf/db/000022.sst
135497949	rocksdb/job_e55300c8367a780868c8bc0aeeeb386e_op_StreamingJoinOperator_29c6de9b0f6c5486908e9bb66a93ee45__14_16__uuid_947114a3-44b8-4cca-b92f-9ef93479a4bf/db/000023.sst
270192292	rocksdb/job_e55300c8367a780868c8bc0aeeeb386e_op_StreamingJoinOperator_29c6de9b0f6c5486908e9bb66a93ee45__14_16__uuid_947114a3-44b8-4cca-b92f-9ef93479a4bf/db/000024.sst
270192452	rocksdb/job_e55300c8367a780868c8bc0aeeeb386e_op_StreamingJoinOperator_29c6de9b0f6c5486908e9bb66a93ee45__14_16__uuid_947114a3-44b8-4cca-b92f-9ef93479a4bf/db/000025.sst
270192591	rocksdb/job_e55300c8367a780868c8bc0aeeeb386e_op_StreamingJoinOperator_29c6de9b0f6c5486908e9bb66a93ee45__14_16__uuid_947114a3-44b8-4cca-b92f-9ef93479a4bf/db/000026.sst
31424103	rocksdb/job_e55300c8367a780868c8bc0aeeeb386e_op_StreamingJoinOperator_29c6de9b0f6c5486908e9bb66a93ee45__14_16__uuid_947114a3-44b8-4cca-b92f-9ef93479a4bf/db/000027.sst
270191286	rocksdb/job_e55300c8367a780868c8bc0aeeeb386e_op_StreamingJoinOperator_29c6de9b0f6c5486908e9bb66a93ee45__15_16__uuid_5c079790-f4e7-433d-8ba1-d119c270a24d/db/000016.sst
270191114	rocksdb/job_e55300c8367a780868c8bc0aeeeb386e_op_StreamingJoinOperator_29c6de9b0f6c5486908e9bb66a93ee45__15_16__uuid_5c079790-f4e7-433d-8ba1-d119c270a24d/db/000017.sst
1978609	rocksdb/job_e55300c8367a780868c8bc0aeeeb386e_op_StreamingJoinOperator_29c6de9b0f6c5486908e9bb66a93ee45__15_16__uuid_5c079790-f4e7-433d-8ba1-d119c270a24d/db/000018.sst
135400834	rocksdb/job_e55300c8367a780868c8bc0aeeeb386e_op_StreamingJoinOperator_29c6de9b0f6c5486908e9bb66a93ee45__15_16__uuid_5c079790-f4e7-433d-8ba1-d119c270a24d/db/000019.sst
135750587	rocksdb/job_e55300c8367a780868c8bc0aeeeb386e_op_StreamingJoinOperator_29c6de9b0f6c5486908e9bb66a93ee45__15_16__uuid_5c079790-f4e7-433d-8ba1-d119c270a24d/db/000020.sst
161156045	rocksdb/job_e55300c8367a780868c8bc0aeeeb386e_op_StreamingJoinOperator_29c6de9b0f6c5486908e9bb66a93ee45__15_16__uuid_5c079790-f4e7-433d-8ba1-d119c270a24d/db/000021.sst
135627972	rocksdb/job_e55300c8367a780868c8bc0aeeeb386e_op_StreamingJoinOperator_29c6de9b0f6c5486908e9bb66a93ee45__15_16__uuid_5c079790-f4e7-433d-8ba1-d119c270a24d/db/000022.sst
135923720	rocksdb/job_e55300c8367a780868c8bc0aeeeb386e_op_StreamingJoinOperator_29c6de9b0f6c5486908e9bb66a93ee45__15_16__uuid_5c079790-f4e7-433d-8ba1-d119c270a24d/db/000023.sst
270196325	rocksdb/job_e55300c8367a780868c8bc0aeeeb386e_op_StreamingJoinOperator_29c6de9b0f6c5486908e9bb66a93ee45__15_16__uuid_5c079790-f4e7-433d-8ba1-d119c270a24d/db/000024.sst
270188922	rocksdb/job_e55300c8367a780868c8bc0aeeeb386e_op_StreamingJoinOperator_29c6de9b0f6c5486908e9bb66a93ee45__15_16__uuid_5c079790-f4e7-433d-8ba1-d119c270a24d/db/000025.sst
270191368	rocksdb/job_e55300c8367a780868c8bc0aeeeb386e_op_StreamingJoinOperator_29c6de9b0f6c5486908e9bb66a93ee45__15_16__uuid_5c079790-f4e7-433d-8ba1-d119c270a24d/db/000026.sst
270192730	rocksdb/job_e55300c8367a780868c8bc0aeeeb386e_op_StreamingJoinOperator_29c6de9b0f6c5486908e9bb66a93ee45__15_16__uuid_5c079790-f4e7-433d-8ba1-d119c270a24d/db/000027.sst
270191020	rocksdb/job_e55300c8367a780868c8bc0aeeeb386e_op_StreamingJoinOperator_29c6de9b0f6c5486908e9bb66a93ee45__16_16__uuid_bfbcb992-933b-4477-af2b-4e3c8c5de70f/db/000016.sst
270194919	rocksdb/job_e55300c8367a780868c8bc0aeeeb386e_op_StreamingJoinOperator_29c6de9b0f6c5486908e9bb66a93ee45__16_16__uuid_bfbcb992-933b-4477-af2b-4e3c8c5de70f/db/000017.sst
2216891	rocksdb/job_e55300c8367a780868c8bc0aeeeb386e_op_StreamingJoinOperator_29c6de9b0f6c5486908e9bb66a93ee45__16_16__uuid_bfbcb992-933b-4477-af2b-4e3c8c5de70f/db/000018.sst
135835670	rocksdb/job_e55300c8367a780868c8bc0aeeeb386e_op_StreamingJoinOperator_29c6de9b0f6c5486908e9bb66a93ee45__16_16__uuid_bfbcb992-933b-4477-af2b-4e3c8c5de70f/db/000019.sst
135445286	rocksdb/job_e55300c8367a780868c8bc0aeeeb386e_op_StreamingJoinOperator_29c6de9b0f6c5486908e9bb66a93ee45__16_16__uuid_bfbcb992-933b-4477-af2b-4e3c8c5de70f/db/000020.sst
161164401	rocksdb/job_e55300c8367a780868c8bc0aeeeb386e_op_StreamingJoinOperator_29c6de9b0f6c5486908e9bb66a93ee45__16_16__uuid_bfbcb992-933b-4477-af2b-4e3c8c5de70f/db/000021.sst
135738099	rocksdb/job_e55300c8367a780868c8bc0aeeeb386e_op_StreamingJoinOperator_29c6de9b0f6c5486908e9bb66a93ee45__16_16__uuid_bfbcb992-933b-4477-af2b-4e3c8c5de70f/db/000022.sst
135593049	rocksdb/job_e55300c8367a780868c8bc0aeeeb386e_op_StreamingJoinOperator_29c6de9b0f6c5486908e9bb66a93ee45__16_16__uuid_bfbcb992-933b-4477-af2b-4e3c8c5de70f/db/000023.sst
270193776	rocksdb/job_e55300c8367a780868c8bc0aeeeb386e_op_StreamingJoinOperator_29c6de9b0f6c5486908e9bb66a93ee45__16_16__uuid_bfbcb992-933b-4477-af2b-4e3c8c5de70f/db/000024.sst
270195164	rocksdb/job_e55300c8367a780868c8bc0aeeeb386e_op_StreamingJoinOperator_29c6de9b0f6c5486908e9bb66a93ee45__16_16__uuid_bfbcb992-933b-4477-af2b-4e3c8c5de70f/db/000025.sst
270195744	rocksdb/job_e55300c8367a780868c8bc0aeeeb386e_op_StreamingJoinOperator_29c6de9b0f6c5486908e9bb66a93ee45__16_16__uuid_bfbcb992-933b-4477-af2b-4e3c8c5de70f/db/000026.sst
270193807	rocksdb/job_e55300c8367a780868c8bc0aeeeb386e_op_StreamingJoinOperator_29c6de9b0f6c5486908e9bb66a93ee45__16_16__uuid_bfbcb992-933b-4477-af2b-4e3c8c5de70f/db/000027.sst
270196322	rocksdb/job_e55300c8367a780868c8bc0aeeeb386e_op_StreamingJoinOperator_29c6de9b0f6c5486908e9bb66a93ee45__1_16__uuid_b62e664b-83ba-4ac2-9528-f429724a4719/db/000016.sst
270196713	rocksdb/job_e55300c8367a780868c8bc0aeeeb386e_op_StreamingJoinOperator_29c6de9b0f6c5486908e9bb66a93ee45__1_16__uuid_b62e664b-83ba-4ac2-9528-f429724a4719/db/000017.sst
2422706	rocksdb/job_e55300c8367a780868c8bc0aeeeb386e_op_StreamingJoinOperator_29c6de9b0f6c5486908e9bb66a93ee45__1_16__uuid_b62e664b-83ba-4ac2-9528-f429724a4719/db/000018.sst
135629181	rocksdb/job_e55300c8367a780868c8bc0aeeeb386e_op_StreamingJoinOperator_29c6de9b0f6c5486908e9bb66a93ee45__1_16__uuid_b62e664b-83ba-4ac2-9528-f429724a4719/db/000019.sst
135838452	rocksdb/job_e55300c8367a780868c8bc0aeeeb386e_op_StreamingJoinOperator_29c6de9b0f6c5486908e9bb66a93ee45__1_16__uuid_b62e664b-83ba-4ac2-9528-f429724a4719/db/000020.sst
161163679	rocksdb/job_e55300c8367a780868c8bc0aeeeb386e_op_StreamingJoinOperator_29c6de9b0f6c5486908e9bb66a93ee45__1_16__uuid_b62e664b-83ba-4ac2-9528-f429724a4719/db/000021.sst
135630193	rocksdb/job_e55300c8367a780868c8bc0aeeeb386e_op_StreamingJoinOperator_29c6de9b0f6c5486908e9bb66a93ee45__1_16__uuid_b62e664b-83ba-4ac2-9528-f429724a4719/db/000022.sst
135581659	rocksdb/job_e55300c8367a780868c8bc0aeeeb386e_op_StreamingJoinOperator_29c6de9b0f6c5486908e9bb66a93ee45__1_16__uuid_b62e664b-83ba-4ac2-9528-f429724a4719/db/000023.sst
270192445	rocksdb/job_e55300c8367a780868c8bc0aeeeb386e_op_StreamingJoinOperator_29c6de9b0f6c5486908e9bb66a93ee45__1_16__uuid_b62e664b-83ba-4ac2-9528-f429724a4719/db/000024.sst
270187355	rocksdb/job_e55300c8367a780868c8bc0aeeeb386e_op_StreamingJoinOperator_29c6de9b0f6c5486908e9bb66a93ee45__1_16__uuid_b62e664b-83ba-4ac2-9528-f429724a4719/db/000025.sst
161163865	rocksdb/job_e55300c8367a780868c8bc0aeeeb386e_op_StreamingJoinOperator_29c6de9b0f6c5486908e9bb66a93ee45__2_16__uuid_7eaa5844-e3b6-4b42-a3af-40a390b93bec/db/000021.sst
270191625	rocksdb/job_e55300c8367a780868c8bc0aeeeb386e_op_StreamingJoinOperator_29c6de9b0f6c5486908e9bb66a93ee45__2_16__uuid_7eaa5844-e3b6-4b42-a3af-40a390b93bec/db/000024.sst
270186581	rocksdb/job_e55300c8367a780868c8bc0aeeeb386e_op_StreamingJoinOperator_29c6de9b0f6c5486908e9bb66a93ee45__2_16__uuid_7eaa5844-e3b6-4b42-a3af-40a390b93bec/db/000025.sst
270192803	rocksdb/job_e55300c8367a780868c8bc0aeeeb386e_op_StreamingJoinOperator_29c6de9b0f6c5486908e9bb66a93ee45__2_16__uuid_7eaa5844-e3b6-4b42-a3af-40a390b93bec/db/000026.sst
270192620	rocksdb/job_e55300c8367a780868c8bc0aeeeb386e_op_StreamingJoinOperator_29c6de9b0f6c5486908e9bb66a93ee45__2_16__uuid_7eaa5844-e3b6-4b42-a3af-40a390b93bec/db/000027.sst
3990828	rocksdb/job_e55300c8367a780868c8bc0aeeeb386e_op_StreamingJoinOperator_29c6de9b0f6c5486908e9bb66a93ee45__2_16__uuid_7eaa5844-e3b6-4b42-a3af-40a390b93bec/db/000028.sst
270191643	rocksdb/job_e55300c8367a780868c8bc0aeeeb386e_op_StreamingJoinOperator_29c6de9b0f6c5486908e9bb66a93ee45__3_16__uuid_43854889-d6f6-47fc-a2d7-e5a375c8809f/db/000016.sst
270188013	rocksdb/job_e55300c8367a780868c8bc0aeeeb386e_op_StreamingJoinOperator_29c6de9b0f6c5486908e9bb66a93ee45__3_16__uuid_43854889-d6f6-47fc-a2d7-e5a375c8809f/db/000017.sst
2080708	rocksdb/job_e55300c8367a780868c8bc0aeeeb386e_op_StreamingJoinOperator_29c6de9b0f6c5486908e9bb66a93ee45__3_16__uuid_43854889-d6f6-47fc-a2d7-e5a375c8809f/db/000018.sst
135671906	rocksdb/job_e55300c8367a780868c8bc0aeeeb386e_op_StreamingJoinOperator_29c6de9b0f6c5486908e9bb66a93ee45__3_16__uuid_43854889-d6f6-47fc-a2d7-e5a375c8809f/db/000019.sst
135774717	rocksdb/job_e55300c8367a780868c8bc0aeeeb386e_op_StreamingJoinOperator_29c6de9b0f6c5486908e9bb66a93ee45__3_16__uuid_43854889-d6f6-47fc-a2d7-e5a375c8809f/db/000020.sst
161166547	rocksdb/job_e55300c8367a780868c8bc0aeeeb386e_op_StreamingJoinOperator_29c6de9b0f6c5486908e9bb66a93ee45__3_16__uuid_43854889-d6f6-47fc-a2d7-e5a375c8809f/db/000021.sst
135850433	rocksdb/job_e55300c8367a780868c8bc0aeeeb386e_op_StreamingJoinOperator_29c6de9b0f6c5486908e9bb66a93ee45__3_16__uuid_43854889-d6f6-47fc-a2d7-e5a375c8809f/db/000022.sst
135754491	rocksdb/job_e55300c8367a780868c8bc0aeeeb386e_op_StreamingJoinOperator_29c6de9b0f6c5486908e9bb66a93ee45__3_16__uuid_43854889-d6f6-47fc-a2d7-e5a375c8809f/db/000023.sst
270197348	rocksdb/job_e55300c8367a780868c8bc0aeeeb386e_op_StreamingJoinOperator_29c6de9b0f6c5486908e9bb66a93ee45__3_16__uuid_43854889-d6f6-47fc-a2d7-e5a375c8809f/db/000024.sst
270192230	rocksdb/job_e55300c8367a780868c8bc0aeeeb386e_op_StreamingJoinOperator_29c6de9b0f6c5486908e9bb66a93ee45__3_16__uuid_43854889-d6f6-47fc-a2d7-e5a375c8809f/db/000025.sst
270189888	rocksdb/job_e55300c8367a780868c8bc0aeeeb386e_op_StreamingJoinOperator_29c6de9b0f6c5486908e9bb66a93ee45__3_16__uuid_43854889-d6f6-47fc-a2d7-e5a375c8809f/db/000026.sst
270188693	rocksdb/job_e55300c8367a780868c8bc0aeeeb386e_op_StreamingJoinOperator_29c6de9b0f6c5486908e9bb66a93ee45__4_16__uuid_4dcfc459-f640-441e-8ddc-9417096d8117/db/000016.sst
270189927	rocksdb/job_e55300c8367a780868c8bc0aeeeb386e_op_StreamingJoinOperator_29c6de9b0f6c5486908e9bb66a93ee45__4_16__uuid_4dcfc459-f640-441e-8ddc-9417096d8117/db/000017.sst
2701953	rocksdb/job_e55300c8367a780868c8bc0aeeeb386e_op_StreamingJoinOperator_29c6de9b0f6c5486908e9bb66a93ee45__4_16__uuid_4dcfc459-f640-441e-8ddc-9417096d8117/db/000018.sst
135776135	rocksdb/job_e55300c8367a780868c8bc0aeeeb386e_op_StreamingJoinOperator_29c6de9b0f6c5486908e9bb66a93ee45__4_16__uuid_4dcfc459-f640-441e-8ddc-9417096d8117/db/000019.sst
135730497	rocksdb/job_e55300c8367a780868c8bc0aeeeb386e_op_StreamingJoinOperator_29c6de9b0f6c5486908e9bb66a93ee45__4_16__uuid_4dcfc459-f640-441e-8ddc-9417096d8117/db/000020.sst
161166306	rocksdb/job_e55300c8367a780868c8bc0aeeeb386e_op_StreamingJoinOperator_29c6de9b0f6c5486908e9bb66a93ee45__4_16__uuid_4dcfc459-f640-441e-8ddc-9417096d8117/db/000021.sst
135668999	rocksdb/job_e55300c8367a780868c8bc0aeeeb386e_op_StreamingJoinOperator_29c6de9b0f6c5486908e9bb66a93ee45__4_16__uuid_4dcfc459-f640-441e-8ddc-9417096d8117/db/000022.sst
135625551	rocksdb/job_e55300c8367a780868c8bc0aeeeb386e_op_StreamingJoinOperator_29c6de9b0f6c5486908e9bb66a93ee45__4_16__uuid_4dcfc459-f640-441e-8ddc-9417096d8117/db/000023.sst
270190610	rocksdb/job_e55300c8367a780868c8bc0aeeeb386e_op_StreamingJoinOperator_29c6de9b0f6c5486908e9bb66a93ee45__4_16__uuid_4dcfc459-f640-441e-8ddc-9417096d8117/db/000024.sst
270187583	rocksdb/job_e55300c8367a780868c8bc0aeeeb386e_op_StreamingJoinOperator_29c6de9b0f6c5486908e9bb66a93ee45__4_16__uuid_4dcfc459-f640-441e-8ddc-9417096d8117/db/000025.sst
27231851	rocksdb/job_e55300c8367a780868c8bc0aeeeb386e_op_StreamingJoinOperator_29c6de9b0f6c5486908e9bb66a93ee45__4_16__uuid_4dcfc459-f640-441e-8ddc-9417096d8117/db/000026.sst
270190901	rocksdb/job_e55300c8367a780868c8bc0aeeeb386e_op_StreamingJoinOperator_29c6de9b0f6c5486908e9bb66a93ee45__5_16__uuid_42cf1264-4529-4016-83d5-7ae89a7384f3/db/000016.sst
270192275	rocksdb/job_e55300c8367a780868c8bc0aeeeb386e_op_StreamingJoinOperator_29c6de9b0f6c5486908e9bb66a93ee45__5_16__uuid_42cf1264-4529-4016-83d5-7ae89a7384f3/db/000017.sst
2329533	rocksdb/job_e55300c8367a780868c8bc0aeeeb386e_op_StreamingJoinOperator_29c6de9b0f6c5486908e9bb66a93ee45__5_16__uuid_42cf1264-4529-4016-83d5-7ae89a7384f3/db/000018.sst
135749261	rocksdb/job_e55300c8367a780868c8bc0aeeeb386e_op_StreamingJoinOperator_29c6de9b0f6c5486908e9bb66a93ee45__5_16__uuid_42cf1264-4529-4016-83d5-7ae89a7384f3/db/000019.sst
135538420	rocksdb/job_e55300c8367a780868c8bc0aeeeb386e_op_StreamingJoinOperator_29c6de9b0f6c5486908e9bb66a93ee45__5_16__uuid_42cf1264-4529-4016-83d5-7ae89a7384f3/db/000020.sst
161159214	rocksdb/job_e55300c8367a780868c8bc0aeeeb386e_op_StreamingJoinOperator_29c6de9b0f6c5486908e9bb66a93ee45__5_16__uuid_42cf1264-4529-4016-83d5-7ae89a7384f3/db/000021.sst
135635939	rocksdb/job_e55300c8367a780868c8bc0aeeeb386e_op_StreamingJoinOperator_29c6de9b0f6c5486908e9bb66a93ee45__5_16__uuid_42cf1264-4529-4016-83d5-7ae89a7384f3/db/000022.sst
135843940	rocksdb/job_e55300c8367a780868c8bc0aeeeb386e_op_StreamingJoinOperator_29c6de9b0f6c5486908e9bb66a93ee45__5_16__uuid_42cf1264-4529-4016-83d5-7ae89a7384f3/db/000023.sst
270187683	rocksdb/job_e55300c8367a780868c8bc0aeeeb386e_op_StreamingJoinOperator_29c6de9b0f6c5486908e9bb66a93ee45__5_16__uuid_42cf1264-4529-4016-83d5-7ae89a7384f3/db/000024.sst
270192510	rocksdb/job_e55300c8367a780868c8bc0aeeeb386e_op_StreamingJoinOperator_29c6de9b0f6c5486908e9bb66a93ee45__5_16__uuid_42cf1264-4529-4016-83d5-7ae89a7384f3/db/000025.sst
270190937	rocksdb/job_e55300c8367a780868c8bc0aeeeb386e_op_StreamingJoinOperator_29c6de9b0f6c5486908e9bb66a93ee45__5_16__uuid_42cf1264-4529-4016-83d5-7ae89a7384f3/db/000026.sst
270189168	rocksdb/job_e55300c8367a780868c8bc0aeeeb386e_op_StreamingJoinOperator_29c6de9b0f6c5486908e9bb66a93ee45__6_16__uuid_34b525e2-ae64-4365-9dd0-2f31f23b29c7/db/000016.sst
270184675	rocksdb/job_e55300c8367a780868c8bc0aeeeb386e_op_StreamingJoinOperator_29c6de9b0f6c5486908e9bb66a93ee45__6_16__uuid_34b525e2-ae64-4365-9dd0-2f31f23b29c7/db/000017.sst
2398062	rocksdb/job_e55300c8367a780868c8bc0aeeeb386e_op_StreamingJoinOperator_29c6de9b0f6c5486908e9bb66a93ee45__6_16__uuid_34b525e2-ae64-4365-9dd0-2f31f23b29c7/db/000018.sst
135592067	rocksdb/job_e55300c8367a780868c8bc0aeeeb386e_op_StreamingJoinOperator_29c6de9b0f6c5486908e9bb66a93ee45__6_16__uuid_34b525e2-ae64-4365-9dd0-2f31f23b29c7/db/000019.sst
135559201	rocksdb/job_e55300c8367a780868c8bc0aeeeb386e_op_StreamingJoinOperator_29c6de9b0f6c5486908e9bb66a93ee45__6_16__uuid_34b525e2-ae64-4365-9dd0-2f31f23b29c7/db/000020.sst
161161199	rocksdb/job_e55300c8367a780868c8bc0aeeeb386e_op_StreamingJoinOperator_29c6de9b0f6c5486908e9bb66a93ee45__6_16__uuid_34b525e2-ae64-4365-9dd0-2f31f23b29c7/db/000021.sst
135986774	rocksdb/job_e55300c8367a780868c8bc0aeeeb386e_op_StreamingJoinOperator_29c6de9b0f6c5486908e9bb66a93ee45__6_16__uuid_34b525e2-ae64-4365-9dd0-2f31f23b29c7/db/000022.sst
135779271	rocksdb/job_e55300c8367a780868c8bc0aeeeb386e_op_StreamingJoinOperator_29c6de9b0f6c5486908e9bb66a93ee45__6_16__uuid_34b525e2-ae64-4365-9dd0-2f31f23b29c7/db/000023.sst
270193630	rocksdb/job_e55300c8367a780868c8bc0aeeeb386e_op_StreamingJoinOperator_29c6de9b0f6c5486908e9bb66a93ee45__6_16__uuid_34b525e2-ae64-4365-9dd0-2f31f23b29c7/db/000024.sst
270193826	rocksdb/job_e55300c8367a780868c8bc0aeeeb386e_op_StreamingJoinOperator_29c6de9b0f6c5486908e9bb66a93ee45__6_16__uuid_34b525e2-ae64-4365-9dd0-2f31f23b29c7/db/000025.sst
270196019	rocksdb/job_e55300c8367a780868c8bc0aeeeb386e_op_StreamingJoinOperator_29c6de9b0f6c5486908e9bb66a93ee45__6_16__uuid_34b525e2-ae64-4365-9dd0-2f31f23b29c7/db/000026.sst
161162429	rocksdb/job_e55300c8367a780868c8bc0aeeeb386e_op_StreamingJoinOperator_29c6de9b0f6c5486908e9bb66a93ee45__7_16__uuid_b254bf00-a449-40f2-b9fe-42c952a5e8c1/db/000021.sst
270197283	rocksdb/job_e55300c8367a780868c8bc0aeeeb386e_op_StreamingJoinOperator_29c6de9b0f6c5486908e9bb66a93ee45__7_16__uuid_b254bf00-a449-40f2-b9fe-42c952a5e8c1/db/000024.sst
270188464	rocksdb/job_e55300c8367a780868c8bc0aeeeb386e_op_StreamingJoinOperator_29c6de9b0f6c5486908e9bb66a93ee45__7_16__uuid_b254bf00-a449-40f2-b9fe-42c952a5e8c1/db/000025.sst
270191380	rocksdb/job_e55300c8367a780868c8bc0aeeeb386e_op_StreamingJoinOperator_29c6de9b0f6c5486908e9bb66a93ee45__7_16__uuid_b254bf00-a449-40f2-b9fe-42c952a5e8c1/db/000026.sst
270190887	rocksdb/job_e55300c8367a780868c8bc0aeeeb386e_op_StreamingJoinOperator_29c6de9b0f6c5486908e9bb66a93ee45__7_16__uuid_b254bf00-a449-40f2-b9fe-42c952a5e8c1/db/000027.sst
4298409	rocksdb/job_e55300c8367a780868c8bc0aeeeb386e_op_StreamingJoinOperator_29c6de9b0f6c5486908e9bb66a93ee45__7_16__uuid_b254bf00-a449-40f2-b9fe-42c952a5e8c1/db/000028.sst
161159441	rocksdb/job_e55300c8367a780868c8bc0aeeeb386e_op_StreamingJoinOperator_29c6de9b0f6c5486908e9bb66a93ee45__8_16__uuid_0c027975-61ca-48bc-a05c-4c51d275bc41/db/000021.sst
270193690	rocksdb/job_e55300c8367a780868c8bc0aeeeb386e_op_StreamingJoinOperator_29c6de9b0f6c5486908e9bb66a93ee45__8_16__uuid_0c027975-61ca-48bc-a05c-4c51d275bc41/db/000024.sst
270184487	rocksdb/job_e55300c8367a780868c8bc0aeeeb386e_op_StreamingJoinOperator_29c6de9b0f6c5486908e9bb66a93ee45__8_16__uuid_0c027975-61ca-48bc-a05c-4c51d275bc41/db/000025.sst
270192365	rocksdb/job_e55300c8367a780868c8bc0aeeeb386e_op_StreamingJoinOperator_29c6de9b0f6c5486908e9bb66a93ee45__8_16__uuid_0c027975-61ca-48bc-a05c-4c51d275bc41/db/000026.sst
270196156	rocksdb/job_e55300c8367a780868c8bc0aeeeb386e_op_StreamingJoinOperator_29c6de9b0f6c5486908e9bb66a93ee45__8_16__uuid_0c027975-61ca-48bc-a05c-4c51d275bc41/db/000027.sst
4117673	rocksdb/job_e55300c8367a780868c8bc0aeeeb386e_op_StreamingJoinOperator_29c6de9b0f6c5486908e9bb66a93ee45__8_16__uuid_0c027975-61ca-48bc-a05c-4c51d275bc41/db/000028.sst
270191355	rocksdb/job_e55300c8367a780868c8bc0aeeeb386e_op_StreamingJoinOperator_29c6de9b0f6c5486908e9bb66a93ee45__9_16__uuid_a270dc54-9494-41d7-9df5-4d2b13786634/db/000016.sst
270186542	rocksdb/job_e55300c8367a780868c8bc0aeeeb386e_op_StreamingJoinOperator_29c6de9b0f6c5486908e9bb66a93ee45__9_16__uuid_a270dc54-9494-41d7-9df5-4d2b13786634/db/000017.sst
2488565	rocksdb/job_e55300c8367a780868c8bc0aeeeb386e_op_StreamingJoinOperator_29c6de9b0f6c5486908e9bb66a93ee45__9_16__uuid_a270dc54-9494-41d7-9df5-4d2b13786634/db/000018.sst
135462590	rocksdb/job_e55300c8367a780868c8bc0aeeeb386e_op_StreamingJoinOperator_29c6de9b0f6c5486908e9bb66a93ee45__9_16__uuid_a270dc54-9494-41d7-9df5-4d2b13786634/db/000019.sst
135814192	rocksdb/job_e55300c8367a780868c8bc0aeeeb386e_op_StreamingJoinOperator_29c6de9b0f6c5486908e9bb66a93ee45__9_16__uuid_a270dc54-9494-41d7-9df5-4d2b13786634/db/000020.sst
161160334	rocksdb/job_e55300c8367a780868c8bc0aeeeb386e_op_StreamingJoinOperator_29c6de9b0f6c5486908e9bb66a93ee45__9_16__uuid_a270dc54-9494-41d7-9df5-4d2b13786634/db/000021.sst
135755030	rocksdb/job_e55300c8367a780868c8bc0aeeeb386e_op_StreamingJoinOperator_29c6de9b0f6c5486908e9bb66a93ee45__9_16__uuid_a270dc54-9494-41d7-9df5-4d2b13786634/db/000022.sst
135863046	rocksdb/job_e55300c8367a780868c8bc0aeeeb386e_op_StreamingJoinOperator_29c6de9b0f6c5486908e9bb66a93ee45__9_16__uuid_a270dc54-9494-41d7-9df5-4d2b13786634/db/000023.sst
270194497	rocksdb/job_e55300c8367a780868c8bc0aeeeb386e_op_StreamingJoinOperator_29c6de9b0f6c5486908e9bb66a93ee45__9_16__uuid_a270dc54-9494-41d7-9df5-4d2b13786634/db/000024.sst
270193415	rocksdb/job_e55300c8367a780868c8bc0aeeeb386e_op_StreamingJoinOperator_29c6de9b0f6c5486908e9bb66a93ee45__9_16__uuid_a270dc54-9494-41d7-9df5-4d2b13786634/db/000025.sst
270192835	rocksdb/job_e55300c8367a780868c8bc0aeeeb386e_op_StreamingJoinOperator_29c6de9b0f6c5486908e9bb66a93ee45__9_16__uuid_a270dc54-9494-41d7-9df5-4d2b13786634/db/000026.sst
