3642888	rocksdb/job_2060b55144d4910d08803c62d2f98d1a_op_AggregateWindowOperator_f6dc7f4d2283f4605b127b9364e21148__10_16__uuid_de6a82fb-8d64-47a7-a78b-b2ff5a669ce0/db/000023.sst
8785516	rocksdb/job_2060b55144d4910d08803c62d2f98d1a_op_AggregateWindowOperator_f6dc7f4d2283f4605b127b9364e21148__10_16__uuid_de6a82fb-8d64-47a7-a78b-b2ff5a669ce0/db/000024.sst
5948022	rocksdb/job_2060b55144d4910d08803c62d2f98d1a_op_AggregateWindowOperator_f6dc7f4d2283f4605b127b9364e21148__10_16__uuid_de6a82fb-8d64-47a7-a78b-b2ff5a669ce0/db/000026.sst
8480819	rocksdb/job_2060b55144d4910d08803c62d2f98d1a_op_AggregateWindowOperator_f6dc7f4d2283f4605b127b9364e21148__10_16__uuid_de6a82fb-8d64-47a7-a78b-b2ff5a669ce0/db/000027.sst
3688387	rocksdb/job_2060b55144d4910d08803c62d2f98d1a_op_AggregateWindowOperator_f6dc7f4d2283f4605b127b9364e21148__11_16__uuid_07a46589-b2af-436c-a324-39cc3d3b95b4/db/000023.sst
8313024	rocksdb/job_2060b55144d4910d08803c62d2f98d1a_op_AggregateWindowOperator_f6dc7f4d2283f4605b127b9364e21148__11_16__uuid_07a46589-b2af-436c-a324-39cc3d3b95b4/db/000024.sst
5956132	rocksdb/job_2060b55144d4910d08803c62d2f98d1a_op_AggregateWindowOperator_f6dc7f4d2283f4605b127b9364e21148__11_16__uuid_07a46589-b2af-436c-a324-39cc3d3b95b4/db/000026.sst
8871652	rocksdb/job_2060b55144d4910d08803c62d2f98d1a_op_AggregateWindowOperator_f6dc7f4d2283f4605b127b9364e21148__11_16__uuid_07a46589-b2af-436c-a324-39cc3d3b95b4/db/000027.sst
3789919	rocksdb/job_2060b55144d4910d08803c62d2f98d1a_op_AggregateWindowOperator_f6dc7f4d2283f4605b127b9364e21148__12_16__uuid_a18bec6a-0aea-4a2f-b7b4-11c18426ea17/db/000022.sst
8250972	rocksdb/job_2060b55144d4910d08803c62d2f98d1a_op_AggregateWindowOperator_f6dc7f4d2283f4605b127b9364e21148__12_16__uuid_a18bec6a-0aea-4a2f-b7b4-11c18426ea17/db/000024.sst
6062785	rocksdb/job_2060b55144d4910d08803c62d2f98d1a_op_AggregateWindowOperator_f6dc7f4d2283f4605b127b9364e21148__12_16__uuid_a18bec6a-0aea-4a2f-b7b4-11c18426ea17/db/000026.sst
8572904	rocksdb/job_2060b55144d4910d08803c62d2f98d1a_op_AggregateWindowOperator_f6dc7f4d2283f4605b127b9364e21148__12_16__uuid_a18bec6a-0aea-4a2f-b7b4-11c18426ea17/db/000027.sst
3577024	rocksdb/job_2060b55144d4910d08803c62d2f98d1a_op_AggregateWindowOperator_f6dc7f4d2283f4605b127b9364e21148__13_16__uuid_7c3f1233-dcf3-4bd4-84b0-fb53e485cb15/db/000023.sst
8904372	rocksdb/job_2060b55144d4910d08803c62d2f98d1a_op_AggregateWindowOperator_f6dc7f4d2283f4605b127b9364e21148__13_16__uuid_7c3f1233-dcf3-4bd4-84b0-fb53e485cb15/db/000024.sst
5846378	rocksdb/job_2060b55144d4910d08803c62d2f98d1a_op_AggregateWindowOperator_f6dc7f4d2283f4605b127b9364e21148__13_16__uuid_7c3f1233-dcf3-4bd4-84b0-fb53e485cb15/db/000026.sst
8361764	rocksdb/job_2060b55144d4910d08803c62d2f98d1a_op_AggregateWindowOperator_f6dc7f4d2283f4605b127b9364e21148__13_16__uuid_7c3f1233-dcf3-4bd4-84b0-fb53e485cb15/db/000027.sst
3574499	rocksdb/job_2060b55144d4910d08803c62d2f98d1a_op_AggregateWindowOperator_f6dc7f4d2283f4605b127b9364e21148__14_16__uuid_ad2b9c0a-52c9-4222-9e24-8d4fbd7bbd6b/db/000023.sst
8756319	rocksdb/job_2060b55144d4910d08803c62d2f98d1a_op_AggregateWindowOperator_f6dc7f4d2283f4605b127b9364e21148__14_16__uuid_ad2b9c0a-52c9-4222-9e24-8d4fbd7bbd6b/db/000024.sst
5836870	rocksdb/job_2060b55144d4910d08803c62d2f98d1a_op_AggregateWindowOperator_f6dc7f4d2283f4605b127b9364e21148__14_16__uuid_ad2b9c0a-52c9-4222-9e24-8d4fbd7bbd6b/db/000026.sst
8934964	rocksdb/job_2060b55144d4910d08803c62d2f98d1a_op_AggregateWindowOperator_f6dc7f4d2283f4605b127b9364e21148__14_16__uuid_ad2b9c0a-52c9-4222-9e24-8d4fbd7bbd6b/db/000027.sst
3606743	rocksdb/job_2060b55144d4910d08803c62d2f98d1a_op_AggregateWindowOperator_f6dc7f4d2283f4605b127b9364e21148__15_16__uuid_5bda703c-366e-4f14-a27d-9390d7da7b4e/db/000023.sst
8897923	rocksdb/job_2060b55144d4910d08803c62d2f98d1a_op_AggregateWindowOperator_f6dc7f4d2283f4605b127b9364e21148__15_16__uuid_5bda703c-366e-4f14-a27d-9390d7da7b4e/db/000024.sst
5933750	rocksdb/job_2060b55144d4910d08803c62d2f98d1a_op_AggregateWindowOperator_f6dc7f4d2283f4605b127b9364e21148__15_16__uuid_5bda703c-366e-4f14-a27d-9390d7da7b4e/db/000026.sst
9305208	rocksdb/job_2060b55144d4910d08803c62d2f98d1a_op_AggregateWindowOperator_f6dc7f4d2283f4605b127b9364e21148__15_16__uuid_5bda703c-366e-4f14-a27d-9390d7da7b4e/db/000027.sst
3774011	rocksdb/job_2060b55144d4910d08803c62d2f98d1a_op_AggregateWindowOperator_f6dc7f4d2283f4605b127b9364e21148__16_16__uuid_06540809-69ac-480a-b877-6e9dde7d7359/db/000023.sst
8812587	rocksdb/job_2060b55144d4910d08803c62d2f98d1a_op_AggregateWindowOperator_f6dc7f4d2283f4605b127b9364e21148__16_16__uuid_06540809-69ac-480a-b877-6e9dde7d7359/db/000024.sst
6154680	rocksdb/job_2060b55144d4910d08803c62d2f98d1a_op_AggregateWindowOperator_f6dc7f4d2283f4605b127b9364e21148__16_16__uuid_06540809-69ac-480a-b877-6e9dde7d7359/db/000026.sst
9634171	rocksdb/job_2060b55144d4910d08803c62d2f98d1a_op_AggregateWindowOperator_f6dc7f4d2283f4605b127b9364e21148__16_16__uuid_06540809-69ac-480a-b877-6e9dde7d7359/db/000027.sst
3611553	rocksdb/job_2060b55144d4910d08803c62d2f98d1a_op_AggregateWindowOperator_f6dc7f4d2283f4605b127b9364e21148__1_16__uuid_cd278921-40a8-42a6-876e-5d05eadf119b/db/000023.sst
8619411	rocksdb/job_2060b55144d4910d08803c62d2f98d1a_op_AggregateWindowOperator_f6dc7f4d2283f4605b127b9364e21148__1_16__uuid_cd278921-40a8-42a6-876e-5d05eadf119b/db/000024.sst
5844425	rocksdb/job_2060b55144d4910d08803c62d2f98d1a_op_AggregateWindowOperator_f6dc7f4d2283f4605b127b9364e21148__1_16__uuid_cd278921-40a8-42a6-876e-5d05eadf119b/db/000026.sst
8658452	rocksdb/job_2060b55144d4910d08803c62d2f98d1a_op_AggregateWindowOperator_f6dc7f4d2283f4605b127b9364e21148__1_16__uuid_cd278921-40a8-42a6-876e-5d05eadf119b/db/000027.sst
3684243	rocksdb/job_2060b55144d4910d08803c62d2f98d1a_op_AggregateWindowOperator_f6dc7f4d2283f4605b127b9364e21148__2_16__uuid_c08e3128-d984-482f-8ddd-ee22e3a39dfd/db/000023.sst
8511615	rocksdb/job_2060b55144d4910d08803c62d2f98d1a_op_AggregateWindowOperator_f6dc7f4d2283f4605b127b9364e21148__2_16__uuid_c08e3128-d984-482f-8ddd-ee22e3a39dfd/db/000024.sst
5952015	rocksdb/job_2060b55144d4910d08803c62d2f98d1a_op_AggregateWindowOperator_f6dc7f4d2283f4605b127b9364e21148__2_16__uuid_c08e3128-d984-482f-8ddd-ee22e3a39dfd/db/000026.sst
8344871	rocksdb/job_2060b55144d4910d08803c62d2f98d1a_op_AggregateWindowOperator_f6dc7f4d2283f4605b127b9364e21148__2_16__uuid_c08e3128-d984-482f-8ddd-ee22e3a39dfd/db/000027.sst
3743227	rocksdb/job_2060b55144d4910d08803c62d2f98d1a_op_AggregateWindowOperator_f6dc7f4d2283f4605b127b9364e21148__3_16__uuid_90f21f9b-6564-4ccc-a3f9-c772cb27b929/db/000023.sst
9233463	rocksdb/job_2060b55144d4910d08803c62d2f98d1a_op_AggregateWindowOperator_f6dc7f4d2283f4605b127b9364e21148__3_16__uuid_90f21f9b-6564-4ccc-a3f9-c772cb27b929/db/000024.sst
6161640	rocksdb/job_2060b55144d4910d08803c62d2f98d1a_op_AggregateWindowOperator_f6dc7f4d2283f4605b127b9364e21148__3_16__uuid_90f21f9b-6564-4ccc-a3f9-c772cb27b929/db/000026.sst
12016843	rocksdb/job_2060b55144d4910d08803c62d2f98d1a_op_AggregateWindowOperator_f6dc7f4d2283f4605b127b9364e21148__3_16__uuid_90f21f9b-6564-4ccc-a3f9-c772cb27b929/db/000027.sst
3704361	rocksdb/job_2060b55144d4910d08803c62d2f98d1a_op_AggregateWindowOperator_f6dc7f4d2283f4605b127b9364e21148__4_16__uuid_1061b24d-e1bc-4ff4-a46c-b3cd3a5d3465/db/000023.sst
9078723	rocksdb/job_2060b55144d4910d08803c62d2f98d1a_op_AggregateWindowOperator_f6dc7f4d2283f4605b127b9364e21148__4_16__uuid_1061b24d-e1bc-4ff4-a46c-b3cd3a5d3465/db/000024.sst
6094816	rocksdb/job_2060b55144d4910d08803c62d2f98d1a_op_AggregateWindowOperator_f6dc7f4d2283f4605b127b9364e21148__4_16__uuid_1061b24d-e1bc-4ff4-a46c-b3cd3a5d3465/db/000026.sst
9563850	rocksdb/job_2060b55144d4910d08803c62d2f98d1a_op_AggregateWindowOperator_f6dc7f4d2283f4605b127b9364e21148__4_16__uuid_1061b24d-e1bc-4ff4-a46c-b3cd3a5d3465/db/000027.sst
3676259	rocksdb/job_2060b55144d4910d08803c62d2f98d1a_op_AggregateWindowOperator_f6dc7f4d2283f4605b127b9364e21148__5_16__uuid_9224943a-cfa4-48fd-a349-5f093f45d026/db/000023.sst
9155136	rocksdb/job_2060b55144d4910d08803c62d2f98d1a_op_AggregateWindowOperator_f6dc7f4d2283f4605b127b9364e21148__5_16__uuid_9224943a-cfa4-48fd-a349-5f093f45d026/db/000024.sst
5999744	rocksdb/job_2060b55144d4910d08803c62d2f98d1a_op_AggregateWindowOperator_f6dc7f4d2283f4605b127b9364e21148__5_16__uuid_9224943a-cfa4-48fd-a349-5f093f45d026/db/000026.sst
7966721	rocksdb/job_2060b55144d4910d08803c62d2f98d1a_op_AggregateWindowOperator_f6dc7f4d2283f4605b127b9364e21148__5_16__uuid_9224943a-cfa4-48fd-a349-5f093f45d026/db/000027.sst
3658307	rocksdb/job_2060b55144d4910d08803c62d2f98d1a_op_AggregateWindowOperator_f6dc7f4d2283f4605b127b9364e21148__6_16__uuid_f751f0f2-ade5-41ba-8cd6-d4a8b3a8a313/db/000023.sst
8208484	rocksdb/job_2060b55144d4910d08803c62d2f98d1a_op_AggregateWindowOperator_f6dc7f4d2283f4605b127b9364e21148__6_16__uuid_f751f0f2-ade5-41ba-8cd6-d4a8b3a8a313/db/000024.sst
5861095	rocksdb/job_2060b55144d4910d08803c62d2f98d1a_op_AggregateWindowOperator_f6dc7f4d2283f4605b127b9364e21148__6_16__uuid_f751f0f2-ade5-41ba-8cd6-d4a8b3a8a313/db/000026.sst
8899976	rocksdb/job_2060b55144d4910d08803c62d2f98d1a_op_AggregateWindowOperator_f6dc7f4d2283f4605b127b9364e21148__6_16__uuid_f751f0f2-ade5-41ba-8cd6-d4a8b3a8a313/db/000027.sst
3748279	rocksdb/job_2060b55144d4910d08803c62d2f98d1a_op_AggregateWindowOperator_f6dc7f4d2283f4605b127b9364e21148__7_16__uuid_9072c929-20b3-47e4-b8e0-5496bcaa50b7/db/000023.sst
8683886	rocksdb/job_2060b55144d4910d08803c62d2f98d1a_op_AggregateWindowOperator_f6dc7f4d2283f4605b127b9364e21148__7_16__uuid_9072c929-20b3-47e4-b8e0-5496bcaa50b7/db/000024.sst
6107058	rocksdb/job_2060b55144d4910d08803c62d2f98d1a_op_AggregateWindowOperator_f6dc7f4d2283f4605b127b9364e21148__7_16__uuid_9072c929-20b3-47e4-b8e0-5496bcaa50b7/db/000026.sst
9957272	rocksdb/job_2060b55144d4910d08803c62d2f98d1a_op_AggregateWindowOperator_f6dc7f4d2283f4605b127b9364e21148__7_16__uuid_9072c929-20b3-47e4-b8e0-5496bcaa50b7/db/000027.sst
3712937	rocksdb/job_2060b55144d4910d08803c62d2f98d1a_op_AggregateWindowOperator_f6dc7f4d2283f4605b127b9364e21148__8_16__uuid_cc72aa7c-2a29-48ae-89d8-29bae038cb43/db/000023.sst
8557933	rocksdb/job_2060b55144d4910d08803c62d2f98d1a_op_AggregateWindowOperator_f6dc7f4d2283f4605b127b9364e21148__8_16__uuid_cc72aa7c-2a29-48ae-89d8-29bae038cb43/db/000024.sst
5989495	rocksdb/job_2060b55144d4910d08803c62d2f98d1a_op_AggregateWindowOperator_f6dc7f4d2283f4605b127b9364e21148__8_16__uuid_cc72aa7c-2a29-48ae-89d8-29bae038cb43/db/000026.sst
8461953	rocksdb/job_2060b55144d4910d08803c62d2f98d1a_op_AggregateWindowOperator_f6dc7f4d2283f4605b127b9364e21148__8_16__uuid_cc72aa7c-2a29-48ae-89d8-29bae038cb43/db/000027.sst
3722844	rocksdb/job_2060b55144d4910d08803c62d2f98d1a_op_AggregateWindowOperator_f6dc7f4d2283f4605b127b9364e21148__9_16__uuid_a720894c-2418-4403-91f7-f97435eea94d/db/000023.sst
9082440	rocksdb/job_2060b55144d4910d08803c62d2f98d1a_op_AggregateWindowOperator_f6dc7f4d2283f4605b127b9364e21148__9_16__uuid_a720894c-2418-4403-91f7-f97435eea94d/db/000024.sst
6114484	rocksdb/job_2060b55144d4910d08803c62d2f98d1a_op_AggregateWindowOperator_f6dc7f4d2283f4605b127b9364e21148__9_16__uuid_a720894c-2418-4403-91f7-f97435eea94d/db/000026.sst
8226202	rocksdb/job_2060b55144d4910d08803c62d2f98d1a_op_AggregateWindowOperator_f6dc7f4d2283f4605b127b9364e21148__9_16__uuid_a720894c-2418-4403-91f7-f97435eea94d/db/000027.sst
